ID,LoanApproved
0,0.9999563923201552
1,0.0006568013655705378
2,0.9998647835319123
3,0.9999690823454748
4,0.999908616368377
5,0.0002629056890398092
6,0.9999845646731558
7,0.9998153384543567
8,0.5783817907331688
9,2.1164013409789222e-05
10,0.9992176579636921
11,0.9424440576539773
12,0.21694457174097234
13,0.9999620785705766
14,0.9974772679036563
15,0.00022381373118267333
16,0.9999987275749836
17,0.9995296033976232
18,3.671521584686199e-05
19,1.161745770360119e-05
20,7.25494748941976e-05
21,0.9999805381900289
22,0.0007218008285512721
23,0.7059202727063653
24,0.08368070374560183
25,0.9999706109046093
26,0.9998379307507546
27,0.9999189954039401
28,0.0011265683163050944
29,4.466698069888295e-05
30,0.9992877042384907
31,0.004538161745288592
32,0.9976159601631922
33,0.9993408567444338
34,0.9995621363312145
35,0.9998885688623604
36,0.00043245266567318416
37,0.009964843475895005
38,0.9027889972360451
39,0.0002076809278809141
40,5.0599658444412046e-05
41,0.9095355638672977
42,0.00011523430767912641
43,0.9999841321679763
44,0.4718840514418966
45,0.9997996279743585
46,0.9979077736099938
47,0.0003205449234802485
48,0.9999931267045966
49,0.9999615484275742
50,8.06146279683379e-05
51,0.01348661688598278
52,0.22766764574183293
53,0.9998245511658255
54,0.9560404421748088
55,0.44433627337640386
56,0.003106669689801587
57,0.9999741660818038
58,0.9992083848098932
59,0.00011890695093671905
60,0.00011621755085916917
61,0.0005081519752501405
62,0.9995571274728797
63,3.118659393163516e-05
64,0.9998033024547235
65,0.9991196769051384
66,0.00017536997169428827
67,9.285790471473658e-05
68,0.9999371792442865
69,7.296708888621993e-05
70,0.9999687183726949
71,0.9998962198443202
72,6.034988789948376e-05
73,0.004542345034778858
74,0.0007581359237660518
75,4.2484884365938745e-05
76,6.924844486097455e-05
77,0.9999973321788068
78,0.0009029509559183659
79,0.00015282674721387154
80,0.00015951705211747532
81,0.3701647238131966
82,3.497105506912374e-05
83,0.9999467428819815
84,0.00014500241167423317
85,1.015402875357375e-05
86,6.925047981421324e-05
87,0.9999754182787487
88,0.9959098150854675
89,0.1366634024335874
90,0.9987220738603064
91,0.9779055707029648
92,0.9199657706069228
93,0.999994960138205
94,0.9786611051483866
95,0.999776905974038
96,0.9998562464904315
97,2.1806712006511835e-05
98,0.9873695204788628
99,0.0012324051550482505
100,0.9999882089680776
101,0.9996731675209912
102,5.347938637626813e-05
103,2.187273945647353e-05
104,0.9999659434222263
105,2.4940459206232706e-05
106,0.00012835130121830693
107,0.00013476481132745007
108,0.9999760474401331
109,0.0001509092100286906
110,1.7830142139508812e-05
111,3.2542935648804224e-05
112,5.2007426888255734e-05
113,0.00010776866466419577
114,0.0001607986210409209
115,0.9988244502188898
116,2.132898686173033e-05
117,0.00023444081733962067
118,0.9634467774218133
119,0.9974358195511707
120,0.9999206361901886
121,8.177760737864888e-05
122,0.9117851303262832
123,0.09634127464864527
124,0.9949517469014263
125,0.0012295141178868731
126,0.9994504703692353
127,0.9998827682566607
128,0.9999574894211098
129,0.0006168684216873488
130,0.9998924013718817
131,0.00016530082579360272
132,6.511779920748835e-05
133,1.9836079884097883e-05
134,0.9999946401483373
135,0.950719575484058
136,0.9999939886373053
137,0.16956322917721095
138,0.9999965189042361
139,0.9466778168027986
140,0.01486076290936672
141,0.9007667171272186
142,0.999809845800964
143,0.9999313582957752
144,0.02690164231860257
145,0.99999252900653
146,0.060731093275527295
147,0.0006839562568089183
148,0.0001371474952147183
149,0.006716657343937876
150,0.9750214339273005
151,0.99642539045749
152,2.5938608619000807e-05
153,0.9988871609934039
154,2.7818882080976786e-05
155,0.9999913039883608
156,0.00018943061213843638
157,0.0012872552623249074
158,2.0926206658105426e-05
159,0.001061995620591044
160,0.8123678523568815
161,0.9804765777869694
162,3.923404610046262e-05
163,0.09125221088404926
164,0.9869798132896657
165,0.007417965745349571
166,0.8216953195998891
167,0.9490191068958781
168,0.9996417918734681
169,0.998206894570116
170,0.9585827330638218
171,0.2166374285001397
172,0.0019358265273856866
173,0.9976500120431347
174,0.9953820602578157
175,0.0013835338491931305
176,0.9278383342089438
177,0.9992717719110593
178,0.9913314581201426
179,9.412765168275245e-06
180,0.20319568442422456
181,0.9999936036975489
182,0.01688454881695555
183,0.0002728217044813428
184,0.0001965280836840599
185,0.00037387374450344445
186,5.540274630184194e-06
187,0.34212147688514916
188,0.9999882988406352
189,0.9999948090466347
190,0.9998173762336933
191,5.2366420661170515e-05
192,0.033448495821393746
193,0.9999726504726453
194,4.798993812713759e-05
195,0.9999531718674024
196,0.9998840348537995
197,0.0008402507107232219
198,0.0010008199562507433
199,0.9910090096870451
200,0.9999540255164987
201,0.034361767477875914
202,0.9982205093704319
203,0.9998878142884972
204,5.584656350484126e-05
205,0.001331380446735834
206,6.763735297122823e-06
207,0.9605509029688434
208,0.0015058375694229425
209,0.9910838746877221
210,0.7912408207286905
211,0.9999110136448788
212,0.00024800752841353316
213,0.13905819226088317
214,0.9994666761965465
215,0.0021018124710756887
216,0.0004344030806641931
217,0.30958973489768804
218,0.037791789448705995
219,0.998405852146307
220,0.9999560781819561
221,0.9996624488009955
222,0.9997971455478722
223,0.029441284814191098
224,0.9996946661425654
225,0.0007432647421429884
226,3.8890588259572126e-05
227,0.9997526183163448
228,0.15171891272391846
229,0.9999414571681734
230,0.9940251756033016
231,0.009256665579367393
232,0.8449063992349418
233,0.47355767821061745
234,0.0007538218106917652
235,0.008147249110953905
236,0.9998856420902558
237,0.001000451593009557
238,0.009995154597119887
239,0.9992989424031364
240,0.00017949106557776457
241,6.188448656459109e-06
242,0.00861251615948914
243,1.1708612298102276e-05
244,3.714990968442322e-05
245,0.000504276396342688
246,0.9999987128268578
247,0.9998393272540587
248,6.199376833894848e-05
249,0.9999910887722785
250,0.00547572052099635
251,0.9992043863284
252,0.5111640452578111
253,0.00017752455290086436
254,0.0217453847272683
255,0.9999862779734857
256,0.5529122006829094
257,0.0001585713350027032
258,0.006920150523612499
259,0.9999613249007685
260,2.744350781677586e-05
261,0.0005272922274386922
262,0.9999369345028596
263,3.729766080340458e-05
264,2.3203029689844995e-05
265,0.9998962062652959
266,0.9665280230460073
267,0.9997486240422225
268,0.0007777591691059973
269,4.662264461196818e-05
270,0.975231683494381
271,1.2576963448268532e-05
272,0.9999291852807773
273,0.026154383163028497
274,0.9950527505943139
275,0.9255873891753379
276,5.006294890575614e-05
277,0.6419980893942965
278,0.08130750014089168
279,0.9993845422491532
280,0.0007655398317005397
281,0.000508405880495723
282,0.06555390037462538
283,0.16373300964473553
284,0.9991217231383327
285,0.999995229448855
286,0.996165196331172
287,7.721084065814581e-06
288,0.007196298656951556
289,0.9587476726132114
290,0.9912809801135223
291,0.916008264027887
292,0.008956427597371135
293,0.00032943036073802286
294,0.9999797171486701
295,0.0005097500843241354
296,2.5232433662142805e-06
297,0.9910420283544555
298,0.9435818932708738
299,0.00019158379428135198
300,0.0016468576437821648
301,1.01187755873608e-05
302,0.9234523591912043
303,0.9982119173831043
304,0.01355681881599191
305,0.9999835497447471
306,0.9999621851610752
307,2.2026032469045226e-05
308,0.8718726996275297
309,0.9991108132221929
310,3.312459884059142e-05
311,0.000358881381867255
312,0.22413704759681327
313,0.36267153264525215
314,0.00023950316256898582
315,0.0001619037778159398
316,0.999010983982249
317,0.9999466718227255
318,0.0006575007942045886
319,0.9998812660756472
320,0.9999893878223942
321,0.25476070348103164
322,7.27333826383526e-06
323,0.00024910699743134886
324,0.0002174080000448226
325,0.4203814304376656
326,4.589986390834997e-05
327,0.9999684962068653
328,0.9995104472322283
329,0.9999903016883981
330,0.9994048152871056
331,0.0012698962630320152
332,0.9998006250346224
333,0.001246654709831042
334,0.0033273860523433374
335,0.0005113524542627089
336,0.00015323749571840214
337,0.9999688293894902
338,0.999387288038807
339,0.016708942502787025
340,0.0015856009190997591
341,4.974798805238536e-06
342,1.1390819943941212e-05
343,0.0030079040253294274
344,0.9999711239936634
345,0.9999887533852522
346,0.6060511580034379
347,0.9932441445856061
348,0.9968902317689783
349,0.9996602552074285
350,0.7905656100067848
351,0.9999578293139869
352,0.45615366429784593
353,0.9999879640048835
354,0.9999701501359648
355,0.9999542344652983
356,0.9999984252693883
357,0.999996535331567
358,0.9932241580424729
359,5.1215040123883854e-05
360,0.9998757845004623
361,0.9998206432478028
362,0.9995543228015583
363,0.00034099267916970797
364,0.0026876450561135173
365,0.0794943176031322
366,0.0002865002132986206
367,0.9999774313974995
368,0.000293120656224385
369,0.6454122544751811
370,0.9999549902474728
371,0.9999828914800225
372,0.9998153331641259
373,8.699109029290808e-06
374,0.23898002223572834
375,0.9957726979859923
376,0.9999943290576317
377,0.0011531823161124372
378,0.9833575489443261
379,0.00017568430052469075
380,0.999265703752508
381,0.9585318712711028
382,2.9997452187973918e-05
383,2.912888314156194e-05
384,0.5405521692851555
385,0.00012039718976983322
386,0.9998701039977927
387,0.6583732383437537
388,0.8358762915237234
389,0.9990984531507933
390,0.00018878598127111787
391,5.624604940887045e-05
392,6.966257322817779e-05
393,0.9999954012159982
394,1.0487304877033373e-05
395,3.842006016718052e-06
396,0.9999720127211739
397,0.999909164094271
398,2.854269826703709e-05
399,0.9789404712013849
400,0.06478636533376107
401,0.0004202291211692651
402,0.9999645967970001
403,4.800618789254441e-06
404,1.9819486390685928e-05
405,0.03808580424993257
406,0.9999845429507547
407,0.0006037705555776468
408,0.22596280638901173
409,0.9999255040974803
410,0.9943484966076053
411,0.9999674404240261
412,0.9999937176816822
413,0.9412351365747343
414,0.00030102962427433613
415,0.9763884874785995
416,0.0024383246407225327
417,0.9999825185808409
418,0.9999848367180734
419,0.9935506585606905
420,0.9999985547438475
421,0.9995414108210211
422,0.9999466422976094
423,0.016577689814783466
424,0.9999903710299586
425,0.01306665539115231
426,0.9985209863321272
427,0.9998996733719602
428,0.0023850814642722594
429,0.9994425753642895
430,0.0002585204873664192
431,0.9999818736785177
432,0.0003795223829006912
433,5.2489135212631685e-05
434,8.569878906571409e-05
435,0.0004673910547183514
436,0.9999581321467065
437,9.943941484660343e-06
438,0.9957491715947362
439,0.001124972674123856
440,0.0008142776361705688
441,0.9984683720312664
442,1.0033470824801925e-05
443,1.1891899462682926e-05
444,0.00024933461871987344
445,8.720051944678782e-06
446,0.00044762768800506056
447,0.0030857779010489664
448,0.008385724309110271
449,2.2117569657619973e-05
450,0.00039327110931677107
451,7.366956138288769e-05
452,0.9999316215398985
453,0.0002834018385156345
454,0.01536180129184484
455,0.001210907081815601
456,0.995635444868289
457,0.31374032112924566
458,0.9958844644052561
459,0.34416392027004267
460,0.9980950841758334
461,0.9967781203711602
462,0.9999908132753388
463,0.029248497356908997
464,0.9999954266287711
465,0.0016249635315178426
466,0.9999958881532909
467,0.001635947715738222
468,0.9870009256202076
469,5.909649173919041e-05
470,0.00034373864649310683
471,0.00024695773388868156
472,0.9995886467026415
473,0.9998905861691159
474,0.99999471168333
475,2.3010955752168205e-05
476,0.9999938358804051
477,8.83612090718941e-06
478,0.9999846958449491
479,0.21770111011241
480,0.0018402359900940826
481,0.9984045482623913
482,0.00021035642537181842
483,0.9988846504442671
484,0.999941578283131
485,0.004440041222790114
486,0.0015007538342409546
487,0.9999305272353133
488,0.00022483442854482965
489,0.9999769436032091
490,9.63797758914586e-06
491,0.9999650383589844
492,5.649011033918167e-05
493,0.9935127754209413
494,0.0006366701191431134
495,0.9999880887549422
496,5.961919619762352e-05
497,5.133016734026073e-05
498,0.8703331394614208
499,0.9999880261243234
500,0.038460699954574004
501,0.8471696002309332
502,3.605026707930824e-05
503,0.9999153958820176
504,0.7381654645434929
505,0.002567606798006918
506,0.008325232015525251
507,0.0004755272532450449
508,0.9999878039258739
509,4.6337809896568925e-05
510,0.059867036248413476
511,0.1224610541238521
512,0.9999888890096469
513,1.9921077646575087e-05
514,4.073977720555307e-05
515,0.9999760133391618
516,0.9342959781665899
517,0.17731612902245417
518,0.9987210314523256
519,0.8602944390131693
520,0.028130187480619746
521,6.335103855505204e-05
522,7.814708305293814e-05
523,0.9664516595132078
524,0.962546973121388
525,9.449732467748343e-05
526,0.005775046064631068
527,0.004371611575768707
528,0.9983719500667143
529,0.9999611983587265
530,0.9998253018244494
531,0.9995890121426769
532,0.11692826694497775
533,7.497898550711289e-05
534,0.01604656589356103
535,0.9987652195466751
536,0.005917050594659617
537,0.0009183703059235641
538,8.453536536287174e-06
539,7.503437263133944e-05
540,6.72536559926245e-06
541,0.9995896678192677
542,3.9914891239761175e-05
543,0.01312994047990849
544,0.005322426573544691
545,5.556999932718997e-05
546,0.0011702602988152336
547,0.021312061134830442
548,0.00016253670928377035
549,3.0210643792639215e-05
550,0.9707465211552633
551,0.9986707883189316
552,7.850985970563409e-05
553,0.9993863195121944
554,0.0010186828202543884
555,0.05220199788739117
556,0.12716324435973483
557,0.9704997374002122
558,8.335074048854644e-06
559,0.9998924433186087
560,0.9918521828847742
561,0.0003277033380354385
562,0.00041914445412610124
563,0.003197176209072748
564,0.9999358710612858
565,0.004643702364237194
566,0.06354325197209691
567,0.9930418479573015
568,0.0018344693391604437
569,0.9996862821626161
570,1.1443110292697427e-05
571,0.9994605690427097
572,0.00010641198074807353
573,0.0001379680136616714
574,0.3768151247182476
575,0.3686313548841175
576,0.05287986407924567
577,0.9996091573489857
578,0.00016511454985738123
579,0.9707233458139963
580,0.9996069726474995
581,0.9998684465743304
582,8.469938890722836e-06
583,0.01978268382927002
584,0.9999800809362325
585,0.999784358630304
586,3.6672654184002864e-05
587,0.05565101710223933
588,0.2866261960751939
589,0.9998823440077628
590,8.921828266800754e-05
591,0.9984704682034606
592,5.614338742668545e-05
593,0.00028392132289303357
594,0.00039333650687281335
595,0.999980466455781
596,4.17039415114877e-05
597,0.9800877384806553
598,0.0014110143316362735
599,0.02434357244767765
600,0.9989002182620623
601,1.183378181877256e-05
602,0.00021173852983539452
603,0.002585591941851717
604,0.0017577900534713929
605,0.999641063593183
606,0.9742914025107742
607,0.0011533880403084198
608,0.9999697686452482
609,0.9977888708832234
610,0.2840344935276401
611,0.9968726225819056
612,0.9942916070319436
613,0.9371059014062796
614,0.9990595598100481
615,0.9969646324145083
616,0.9999820356149751
617,0.9992295354031033
618,0.31615062705046
619,0.8739527219103597
620,0.9999680428222982
621,9.212999082878816e-05
622,0.0002571397955033705
623,0.014337266869004066
624,0.6705045531943694
625,9.000499209433896e-06
626,0.8980848513830817
627,5.9287830900735053e-05
628,7.727674419628925e-05
629,0.9999504896560294
630,0.995449262633869
631,0.9999602261797166
632,7.223020901433154e-05
633,0.9996796030188382
634,0.9998613722600168
635,0.9923133935243369
636,0.9042007419477158
637,0.00048191048401019444
638,0.9999791463623653
639,0.0012380917849281533
640,2.0601289339510635e-05
641,0.26933308164170566
642,0.9973860183239375
643,0.004449407927444806
644,0.0009926279374297923
645,0.9984193831277548
646,8.092670797197384e-06
647,9.028064684894814e-06
648,0.0003001703589642394
649,1.8850281507058252e-05
650,0.9999747972581935
651,0.9999947033204072
652,0.9999261020944037
653,0.9993310511554875
654,0.9999093826226765
655,0.9927671383369031
656,0.9982827000553887
657,8.851111172091321e-05
658,0.768235964448844
659,0.9985820641242261
660,0.6568659146204474
661,0.9999986283120862
662,0.999892518724466
663,0.9993923783405564
664,0.09673582297969202
665,0.002899313062974773
666,0.9985143945966204
667,0.9996007289777734
668,0.0505406179443646
669,0.9817085889842235
670,0.9999053353280711
671,0.9998993204501626
672,0.9999989424793091
673,0.7454726739631379
674,0.9943474726538603
675,0.0009113951536769493
676,0.23688632385976338
677,0.9993257549793242
678,0.9944055007631891
679,1.5073383384937403e-05
680,0.0017296355948427052
681,0.9733715760594607
682,0.9744342414709878
683,0.9914960132705275
684,0.9999188320419519
685,0.004159944687201651
686,0.00012044377403713988
687,0.9999738707688195
688,2.139128174088943e-06
689,0.00021439631761054181
690,0.7984897985179336
691,0.0006084993979555355
692,6.776070959698382e-06
693,0.81655798481844
694,0.9999868542880934
695,2.3761894852784288e-05
696,0.0028667357957947713
697,4.8449550028591966e-06
698,3.646608135689618e-05
699,0.997244814831526
700,6.221503279155231e-05
701,0.9675090175063982
702,0.9999262430149979
703,0.9999708509503371
704,0.9999821666156091
705,0.9999938743246243
706,0.11156508789612174
707,5.057441626278127e-05
708,2.9911320209352664e-05
709,0.9244094201162824
710,0.05020890003978884
711,0.41731553970698065
712,0.9999960492620141
713,0.0012922571142026868
714,1.6875876719765884e-05
715,0.9999887853053359
716,0.9987405334714119
717,0.00031978933539821236
718,0.97696934285128
719,0.9999145663376454
720,0.002078163964291774
721,0.0024517616048920663
722,0.999998329594157
723,0.9975876687767022
724,2.841236088952584e-05
725,0.22918123206149338
726,0.9972222638724186
727,0.8768849462447618
728,2.3131835552734884e-05
729,0.9999874228983505
730,0.9990120151025285
731,0.00042584822157465293
732,0.9998275084131552
733,0.3099868746217336
734,0.010331584612941066
735,0.9999475144350086
736,0.00032578151039071784
737,0.0231353110765315
738,0.9999158228238858
739,0.9999897614986829
740,0.9987191552819109
741,0.0002477255672558688
742,0.9994828282641838
743,0.40684972001640984
744,0.9999822712413232
745,0.9313397691220712
746,0.8465122420763531
747,0.00014886458063617127
748,0.997416005395465
749,0.9998711963365594
750,0.00027683040867817403
751,0.12289615206419892
752,8.562869298977522e-05
753,0.40626190186342653
754,0.6313445516627183
755,0.5489252636469731
756,0.9999698421280845
757,1.546762743981765e-05
758,0.00011089308288373984
759,0.0358991905181752
760,0.9999893422817053
761,0.7938168135368201
762,0.9927984821851913
763,0.9983755235407227
764,6.936683569998225e-06
765,6.950869596004608e-05
766,0.9999755897604724
767,1.352168677157118e-05
768,0.9998225257373877
769,0.041865018501105515
770,0.9994672672467682
771,7.189443493223809e-05
772,0.0029254696544834674
773,0.9999589961591917
774,0.9993278869192825
775,0.9961254046136695
776,0.9992817584369135
777,0.9997273271152526
778,0.9997277915404339
779,0.999688411208153
780,0.3171081725187212
781,0.08806312319778027
782,8.122620942239811e-05
783,1.872788501489792e-05
784,0.9999783699048718
785,0.998964617319528
786,0.19840086181055835
787,2.328789253545838e-05
788,0.0015251963681455788
789,0.9831662062152993
790,4.7546485189855234e-05
791,0.9999684916384556
792,0.9996003262910131
793,0.9998749031668447
794,1.54037901156423e-05
795,0.5867318776248748
796,0.9537155071026724
797,0.9999712109190293
798,0.00010892616739211309
799,1.1161053007167466e-05
800,0.0001798594467299368
801,0.6903407323514441
802,0.9990056088013503
803,0.0029304791600105857
804,0.002522294084932957
805,0.00013339615647173524
806,0.0008813491820515831
807,0.01562190566984216
808,0.0002163449322569241
809,0.005173965922027007
810,5.070930305335923e-06
811,0.5834719753681566
812,0.9999948625671051
813,6.225529763214164e-05
814,0.9991433754244647
815,0.00019915435301789839
816,0.9999822688145084
817,0.04039692230894636
818,0.0005310786279167811
819,0.9999688472998911
820,0.9999207607247509
821,0.11875050943129829
822,0.8487575546225545
823,0.0010030869673495221
824,0.0002553065123380508
825,1.3088792899538133e-05
826,0.19118940736271592
827,0.014627152848832207
828,0.9999487677016762
829,0.8953316106006952
830,0.9742082763760548
831,0.0003752316742847572
832,0.9986424876663403
833,0.005783618951533231
834,0.9993689528580266
835,0.0029912351271356987
836,0.9967373147904943
837,0.9995512103126151
838,0.9991017900141445
839,0.05293793762652977
840,0.01033722941591971
841,1.3852651890248671e-05
842,0.002798002075619541
843,0.9991914253215551
844,3.253193074852876e-05
845,0.9834520786722837
846,0.999800905679874
847,0.999984032851137
848,0.00033451417085324334
849,0.2894900837128766
850,0.9999624872165315
851,0.00018458415522260095
852,0.0005942412350636164
853,0.9180728916657622
854,0.9999848504955205
855,0.9988675261230701
856,0.0003106910683619809
857,0.9999660662201769
858,0.9864041406288558
859,0.0032428810001987962
860,0.9989942227687866
861,0.6650087821045727
862,0.8778485255430546
863,0.9999928473816334
864,0.9999711077351754
865,0.0007722913095500149
866,0.00014591785399352728
867,0.9896905680352169
868,0.42340368674406087
869,0.00015144982891200507
870,0.9998762827196609
871,0.9998833578400264
872,0.051830415763948624
873,0.012495128934970522
874,0.9999911928682211
875,0.004424080139209263
876,0.9999278849626865
877,0.999887137840137
878,0.7775982856469625
879,0.9999921143949885
880,0.9810596950218945
881,0.9999064289671512
882,0.030571525865662485
883,0.99997317408789
884,0.7285967770491141
885,0.9999868740399589
886,4.395714001974188e-05
887,4.1930242554600706e-05
888,0.00010188070393682365
889,0.6115058035858798
890,0.9999898334275314
891,0.9992201261592968
892,2.09257338646461e-05
893,0.9986469791571281
894,0.9994134454978232
895,0.9999890995137559
896,0.4050525598270442
897,0.010579774488500207
898,0.003378269204582826
899,0.0020581859633844166
900,0.999984428566573
901,0.00026710078529721803
902,0.0001752308595504466
903,9.80601555238797e-05
904,0.1147376348027018
905,0.0006618849033558301
906,0.9991860380099128
907,1.2879913529482344e-05
908,0.8727218659793959
909,0.00659744715432705
910,0.12636140689821473
911,4.234445122709039e-05
912,6.0004931781529386e-05
913,0.0013431552788588485
914,0.9999873111912903
915,0.1220524580621913
916,0.018511481563019093
917,0.0021654117488833237
918,0.9999849732529338
919,0.9961974591161448
920,0.9998038492897614
921,0.9998993165060108
922,0.0006578295792515997
923,0.999818804857196
924,0.00025494552622422865
925,5.388448349511175e-05
926,0.24171738005929938
927,0.9991626867063526
928,0.6176448281071034
929,0.9999928712106849
930,0.9999100781243255
931,0.9999648565719853
932,0.9999165622674899
933,0.9749387368510564
934,0.9994095582430585
935,0.02434973908276856
936,0.0065814530607907
937,0.999878071872033
938,2.048368232499255e-05
939,0.0001456196597360106
940,0.0001794651465887584
941,0.9718354026612056
942,0.8899937693597362
943,0.3313150610310648
944,0.999666129564959
945,6.783673290029189e-06
946,0.998859801338587
947,0.12662016025281567
948,0.08153700800406449
949,0.25643586774865174
950,0.9970426643753645
951,0.0031910583594032577
952,0.0001815081402709727
953,0.03594405023224817
954,0.9839381726289986
955,0.0005028262555071411
956,0.00010134805666603081
957,0.046673424822202145
958,0.9284500288509325
959,0.9912509209375323
960,0.9999714708639288
961,0.7166089586654236
962,0.9833971848975043
963,4.720824011796505e-05
964,0.002398298932566742
965,0.9999863275913623
966,0.9994724211409295
967,5.343155410160909e-05
968,0.9999807015703499
969,0.999996595626921
970,0.0021601113927125007
971,0.9970397408197967
972,0.9999904201189567
973,0.9937709127613695
974,0.9999939577872525
975,0.7054285565203477
976,0.11062941581745381
977,7.119339830547895e-05
978,9.114091633580084e-06
979,0.99999881254469
980,0.003456069163703107
981,0.6338780014303458
982,6.638557904161134e-06
983,0.998947614141065
984,0.0018506187580716136
985,0.7019844283621258
986,0.9978967246208226
987,8.93873101218937e-06
988,0.9979261723524213
989,1.7048590015918765e-05
990,0.9284265060726269
991,0.0009541884752016515
992,0.9189792630472012
993,0.9999703010987404
994,0.0009834214040216674
995,0.9999689484352456
996,0.9998135579786551
997,0.9990586759078482
998,0.0002015328591128582
999,0.9999324148201751
1000,0.9975422538569749
1001,0.014919409676926992
1002,0.9550728864256187
1003,0.001735002376485868
1004,0.00529664748307399
1005,0.9999749791480373
1006,0.0002130940192819085
1007,0.9999796375155088
1008,0.12816514775183135
1009,0.9997670940528046
1010,0.000978379119199812
1011,0.9998586452041105
1012,0.9791087856576002
1013,0.00478149066703597
1014,0.2886581523751694
1015,3.097340385263562e-05
1016,0.9329150579923328
1017,0.5329929145648276
1018,0.9995863055125992
1019,8.002670948680808e-06
1020,0.999991951813794
1021,0.9894791686212956
1022,0.9295661048494366
1023,0.00010354707206730112
1024,0.00024914922001753663
1025,0.9963581086830942
1026,0.999967641282041
1027,0.9999086394925942
1028,0.9999971270860724
1029,0.9999621093139935
1030,0.0003102048819154432
1031,0.9999354757971652
1032,0.9999775319802309
1033,0.9999888099733822
1034,0.9999904314953927
1035,0.0001609473141095467
1036,3.643310650480156e-05
1037,1.2896985967319665e-05
1038,0.0008557810673074309
1039,0.00030904119006827673
1040,8.920358847025947e-05
1041,0.9997175253353293
1042,1.837489072197247e-05
1043,0.0001378172739163593
1044,0.9998246481531077
1045,0.00017380568494469842
1046,0.9430642357492175
1047,0.9993394684112274
1048,0.00683498309971475
1049,0.9997324660479908
1050,0.992348294425324
1051,0.00012294484156696905
1052,0.9521331410568205
1053,0.04312111064974724
1054,0.0001247564469208834
1055,0.7449299660604681
1056,0.9994206322888429
1057,0.9996866666812789
1058,0.27912365534763856
1059,0.9999550248638991
1060,5.9607877248784255e-05
1061,0.7521176979599856
1062,1.0775119565267778e-05
1063,0.0020593028752303247
1064,0.8240811549291451
1065,0.8810967392093625
1066,0.0005191542118106942
1067,0.8930109606295917
1068,0.9963991558094654
1069,0.9907569576889609
1070,0.27174488809814246
1071,0.9999911826885132
1072,0.00021799044822074802
1073,0.8320154583547162
1074,0.21405102304425033
1075,0.9984184264937975
1076,0.00026180209464625356
1077,0.8837064494761369
1078,0.00010777264838756518
1079,0.0009548963874723178
1080,0.9999914914917946
1081,0.9996459051534348
1082,0.9994974835348127
1083,0.0009748487470073127
1084,0.4367531884928812
1085,0.999978992960292
1086,0.9999913310381715
1087,0.00014220335104347994
1088,0.9991752495946087
1089,0.9998562020858113
1090,0.9999759370870969
1091,2.6251519115753923e-05
1092,8.982388929264236e-05
1093,0.9999952813877807
1094,0.9961247066006138
1095,4.212814259868046e-05
1096,0.9325524531671825
1097,2.7126943093414443e-05
1098,0.0004444948503207554
1099,5.066808554504526e-06
1100,0.9930386083246459
1101,0.9990933160521487
1102,0.10813390759118209
1103,0.9999601788621832
1104,0.0006098148449056787
1105,0.999628379195781
1106,0.04126933276619366
1107,0.012247459373630929
1108,0.9999841897077874
1109,0.0011791916725961684
1110,0.998559272265167
1111,0.18840611743018915
1112,0.0030739309266906876
1113,0.9998141414761944
1114,6.284334064878206e-05
1115,0.00018020606510452827
1116,0.00911832371048881
1117,0.999977107443604
1118,0.003119667287611334
1119,0.13748168988562667
1120,0.9996879002919455
1121,0.9957481535695141
1122,0.9998725394588426
1123,0.9576021904625549
1124,0.0009243071261229988
1125,0.999990980789562
1126,0.013082018633483102
1127,0.3274684320716164
1128,0.9901833719673838
1129,0.9988022313892589
1130,0.0006434378958426355
1131,0.00014439905542732608
1132,0.8972717028582805
1133,0.9996586821218371
1134,1.951450149563132e-05
1135,0.9323790768012418
1136,0.9863735191529657
1137,0.731359524600523
1138,0.015238030259335142
1139,0.7131966456462265
1140,0.9129519021393274
1141,0.8749229671221563
1142,1.4738045048890657e-05
1143,0.9999973481981975
1144,4.656810645113941e-05
1145,3.722832839119681e-06
1146,0.999670733044484
1147,0.031128291035877935
1148,0.9999495678099639
1149,1.340000836953394e-05
1150,0.9938154902412432
1151,0.9982470503594681
1152,0.9987147727619882
1153,0.0007916942176133986
1154,0.9999864425489413
1155,0.9644130147556665
1156,0.9986285686160866
1157,4.6338323237074194e-05
1158,0.7328449062455629
1159,0.0038281631718968248
1160,0.9999911544567919
1161,0.0005070350585425682
1162,0.0002381973783038616
1163,0.9998943796579189
1164,8.8893960312231e-05
1165,8.44209463598405e-05
1166,4.274194246882044e-05
1167,0.0001908204512378811
1168,0.9999452391778737
1169,0.37579341612393025
1170,0.9999970352371745
1171,0.00030158087645889474
1172,0.9998503898884697
1173,0.01821019339417053
1174,0.07473351597128378
1175,0.7479688282257538
1176,0.509477802509011
1177,0.00022703079633347225
1178,0.9952945616097739
1179,0.9999905137536217
1180,0.8968406693799345
1181,0.0002722478221517091
1182,0.04701001335655656
1183,0.6827179843772324
1184,0.9941969293528763
1185,0.9984369667385897
1186,0.00037876948043109903
1187,0.06682902266221331
1188,0.9999694013319699
1189,0.9999447047857681
1190,0.99986262039414
1191,0.034390256278593816
1192,0.9863387490863416
1193,0.983561901485112
1194,0.7243428891242752
1195,0.9658867906256624
1196,0.9998963204080595
1197,6.661761294544611e-06
1198,0.9999405101088911
1199,0.1351827129054505
1200,9.077499106236847e-05
1201,0.9999945467366593
1202,4.355372286313199e-05
1203,0.0007030437378748983
1204,2.0886846719800915e-05
1205,0.999956620382044
1206,0.9999002884438255
1207,0.04421064040576622
1208,0.9989659017481615
1209,0.0007976162924068554
1210,0.918431080436872
1211,0.0008493972340081977
1212,2.2310544237042888e-05
1213,0.9967221376778
1214,5.975566402966407e-05
1215,0.00021183789787126043
1216,0.9994430476200792
1217,0.016227754841744605
1218,0.9999280158595875
1219,0.00048790296522628954
1220,0.15344314998332534
1221,0.9414906316233274
1222,0.9977865862485693
1223,0.9997916377213444
1224,0.9999769172419912
1225,0.006475535832665004
1226,7.605295590106716e-06
1227,0.004307956002897522
1228,0.9126718293277736
1229,0.0060685859707651285
1230,0.037388689478018974
1231,0.9999940057425224
1232,0.18858817193971372
1233,0.00032844935844744927
1234,0.0001352431488204628
1235,0.9944314130524449
1236,5.5561933923748485e-06
1237,0.09469162289700393
1238,0.9994392075039175
1239,0.9999902101482921
1240,0.9997341445792945
1241,0.0017609065573078366
1242,0.9988959484259422
1243,0.999870724602269
1244,1.1361776620688755e-06
1245,0.003194876422729842
1246,0.014843066364204037
1247,0.9770692090505023
1248,0.00013574029253690204
1249,0.9999944383795246
1250,0.9936966569627355
1251,0.9999855178334478
1252,0.9997120816293084
1253,0.9992472102781922
1254,6.041678830541211e-06
1255,0.02438482005066454
1256,0.026047898195140935
1257,0.00011915740648245185
1258,0.0017606435245283816
1259,9.437630855192666e-05
1260,0.0431061425912861
1261,0.9999384327684947
1262,0.9975977790927542
1263,0.00010785627038488708
1264,0.9999895760938479
1265,0.00010366399306390287
1266,0.9963710819065038
1267,0.00017832994926085207
1268,0.953151608157533
1269,0.002552469415052212
1270,0.48760698877204744
1271,0.9995514827449951
1272,0.9994621591621214
1273,0.9408077536138139
1274,0.00018438584738021875
1275,8.992874536233203e-06
1276,0.0010440491292569825
1277,0.9998044126237614
1278,0.1924354355340549
1279,0.9996581179705272
1280,2.042717811116141e-05
1281,0.004903079483888593
1282,0.9919311415968719
1283,0.9959506945300278
1284,0.0005664074387709641
1285,4.6820479465116014e-06
1286,0.3568596308327918
1287,0.9977651148495797
1288,0.991630560409436
1289,0.003222251044852102
1290,0.9999404077844491
1291,3.6310916220996146e-06
1292,0.0017578243992621176
1293,0.999995565523975
1294,0.00010126657881544744
1295,8.946538699056681e-06
1296,0.9997511521687873
1297,0.9958323468615857
1298,0.988208194378881
1299,0.00034224979324651403
1300,0.5595551831737448
1301,1.6710551504472418e-05
1302,2.791451532951727e-05
1303,0.0013844031389908453
1304,0.002626562939942794
1305,0.12992659165135803
1306,0.9601652191717244
1307,0.9999958910622588
1308,0.00027419064936957585
1309,0.985845237170347
1310,0.04677374271037801
1311,0.03487501676113785
1312,0.0006342048254143109
1313,0.9965850088061061
1314,0.9998401898785958
1315,0.9999946650136903
1316,0.9998919524098622
1317,0.01658333987846528
1318,0.9999529273581205
1319,0.9999887610439254
1320,0.9992394342157148
1321,0.8913640679806142
1322,0.0002320031312220009
1323,5.117200365517832e-05
1324,0.35670141971807523
1325,0.008651548216366857
1326,0.19574604285594494
1327,0.9957709395039847
1328,0.0024126419942346296
1329,0.9998508101388208
1330,0.00764353001234266
1331,0.0008067783231426785
1332,0.9998590625179696
1333,0.7002512368795425
1334,4.126182819839897e-06
1335,5.073145789317559e-05
1336,0.0001243218439401991
1337,0.9993325937960179
1338,0.01765616233252321
1339,0.324141745270186
1340,0.9999177299088378
1341,0.9999979612482185
1342,0.9999884543345442
1343,0.9997496671668886
1344,0.9999577277266215
1345,0.9997578561257532
1346,0.40544430130329967
1347,0.9999224806971058
1348,0.00024015367842585147
1349,0.004936155929451744
1350,0.9998712427022701
1351,0.00369968676961031
1352,0.9999952293620893
1353,0.001665267613796313
1354,0.00018865513840578385
1355,0.970738678503999
1356,0.0003927975778660506
1357,0.9953369317812993
1358,0.9999354244058057
1359,0.9999749110995946
1360,0.00828438319692392
1361,0.001298364585989553
1362,0.9854400722814876
1363,0.9999702648584574
1364,0.9999628012289278
1365,0.20464848553387607
1366,0.2073851020610496
1367,0.9998059819573268
1368,0.0006204543991869256
1369,0.923044149940113
1370,0.9997510759741318
1371,0.9999827129463226
1372,0.9997579440457721
1373,7.467225861483283e-05
1374,0.9999954103387404
1375,0.9999810018518839
1376,9.973990596280005e-05
1377,0.9994131993642237
1378,0.0012431170693208199
1379,0.9999856275260506
1380,0.9994416798938975
1381,0.9803796102059006
1382,0.9999473728559006
1383,0.9999064381440664
1384,0.00015111073849867677
1385,0.0005451225799453554
1386,0.00027641591415410047
1387,0.9910232369845039
1388,0.9999725336333501
1389,0.9999133514464931
1390,2.208925946974927e-05
1391,0.9998686587382252
1392,8.180598133999349e-06
1393,0.009353467726019006
1394,0.9984592380246078
1395,0.003942000226294994
1396,0.9999008410073422
1397,0.9713504839376833
1398,0.016574881731472393
1399,0.9999299336397637
1400,0.9998236115411775
1401,0.9997804341379041
1402,0.9996066731269553
1403,0.9999079205011306
1404,0.2987501592493081
1405,1.6284204788675814e-06
1406,0.9998856385971021
1407,0.9994501233261609
1408,0.20670507314625575
1409,1.7653017244418047e-05
1410,0.9999771987244518
1411,0.8364369481851645
1412,0.00029123060558635696
1413,0.9943646316850548
1414,0.04632867924815678
1415,2.2543663361026318e-05
1416,1.0860821522298368e-05
1417,0.9999860776042726
1418,8.334396359856721e-05
1419,0.00012056594667871522
1420,0.0015946366610280571
1421,8.434676852531628e-05
1422,1.6918464861067882e-05
1423,0.8467423234827701
1424,0.9042145058868496
1425,0.9980981769527802
1426,0.9997087586868736
1427,0.0007711096881997885
1428,0.0008382629625359794
1429,0.9999602372716172
1430,0.010277704900816682
1431,0.9999876355828364
1432,0.9999992080315959
1433,0.003932013462907361
1434,0.10432019261012684
1435,0.12184916036200732
1436,0.9998922244413515
1437,0.9994242816373411
1438,8.71519097377066e-06
1439,0.017100688481322228
1440,0.005620863067704264
1441,0.9992794259344713
1442,0.9994883212310125
1443,0.9999791050248995
1444,0.999560849308469
1445,0.9999672236773266
1446,0.8917492166934606
1447,0.00015191377051620173
1448,0.10457949888016535
1449,0.9913964428978955
1450,0.060829952888840355
1451,0.9892432780613459
1452,0.9996081556035412
1453,0.08654091524439886
1454,0.9995553132079836
1455,0.00017585195210133569
1456,0.0001514104157040191
1457,4.721937505762855e-05
1458,0.9661818732488828
1459,4.459782102379108e-05
1460,0.9999850302278974
1461,0.00017843273620673087
1462,0.00315663303610318
1463,0.2334246751752316
1464,0.007118414589529092
1465,0.4747111545486465
1466,0.5556033532106548
1467,0.012271699780338654
1468,0.9989072199650894
1469,0.9999596649961306
1470,0.9977392192501304
1471,0.9999410510149132
1472,0.9996320028588672
1473,0.0002504626254958961
1474,0.34838703632163215
1475,0.0074018062099521645
1476,0.9971709176210379
1477,0.348581304416384
1478,0.00035977871822668694
1479,0.0001417925600309239
1480,0.30749340590958546
1481,0.5477228730477534
1482,0.9999638935790001
1483,0.00016434234444861348
1484,0.9997510809973769
1485,0.0033444177073625953
1486,0.0018318637610658056
1487,0.9999413265589405
1488,0.9996393645252889
1489,0.9999632159088958
1490,0.9627099672122902
1491,0.4741005306180171
1492,1.821444018518629e-05
1493,1.536301826934377e-05
1494,0.0113106765625099
1495,9.28198604175613e-05
1496,0.0030853926794248386
1497,0.988339227281598
1498,0.0012062083471280321
1499,0.0017796518258722917
1500,0.00014419337092923696
1501,0.7057422374428345
1502,0.000152760178639533
1503,0.03101416263802344
1504,3.952166239167948e-05
1505,0.9998965884738318
1506,0.00040647225110908536
1507,0.9970241681509926
1508,0.9877561547984998
1509,0.9999017692718698
1510,0.998642632682506
1511,2.0641370955638163e-06
1512,0.012790790613198304
1513,0.999995220576921
1514,0.9999138361891002
1515,0.00023442508748037016
1516,8.540308232883693e-06
1517,0.9999182529306331
1518,9.235564405801805e-05
1519,0.8437113196358822
1520,0.9999381268623836
1521,0.9997383658147508
1522,0.26158774092351156
1523,0.9876961863865586
1524,0.8861047039780092
1525,0.9999573464049273
1526,0.9999437936070256
1527,0.993120474796102
1528,0.9998391867723806
1529,0.9676189170118246
1530,0.00011156609520793031
1531,0.0002705374322258301
1532,1.5588084913263518e-05
1533,0.27437640053553797
1534,0.14992834553909826
1535,0.9998952375975837
1536,8.567290340875558e-05
1537,0.734829985481782
1538,0.9993270629590381
1539,0.0022294586908049325
1540,4.674791156585171e-05
1541,0.0010787900189076153
1542,0.0006312833494807444
1543,5.139065668102392e-05
1544,0.0002084740369553859
1545,0.7650892666111538
1546,0.9830259486224988
1547,0.06852621012368038
1548,1.1146460040312735e-05
1549,0.9993892397744538
1550,0.9999157188263077
1551,0.9999286764831219
1552,0.028368435997133373
1553,0.0003015625915189666
1554,0.000132214914696009
1555,0.9586151901068208
1556,0.9998930670899996
1557,0.9987889410107204
1558,4.237846456580997e-05
1559,0.0002934380988335849
1560,9.734408085051306e-05
1561,0.9996414371594977
1562,0.005420528164125111
1563,0.15366463327289762
1564,0.00014311278465270325
1565,0.696569421177758
1566,0.9962367611190553
1567,0.00028857302710847565
1568,0.9867622040745011
1569,0.9999483637555687
1570,0.999868345751114
1571,0.9757661679101578
1572,6.776569216864137e-05
1573,0.9999897434312692
1574,0.0005118770910317555
1575,0.0006165427027733178
1576,0.0009902322971622613
1577,0.9998971748308239
1578,0.0003942125829179729
1579,0.02750041799446742
1580,0.002219099880964553
1581,0.9999968312080785
1582,0.22162734060364997
1583,0.8490551677221875
1584,0.9493075314330525
1585,5.06208156467957e-05
1586,0.9986165740896702
1587,0.9999985989379544
1588,0.9999738953463538
1589,0.9999641359856662
1590,0.004695387064761817
1591,0.9641603790313437
1592,0.999251703762234
1593,0.00010747500914467716
1594,0.01755851938671523
1595,0.0041240636440702345
1596,0.9999883773500663
1597,0.0007165179265832152
1598,0.07883134942120992
1599,0.9995415027006553
1600,0.9604337833725152
1601,2.5288229262026405e-05
1602,0.9999795901998928
1603,0.021041245610228534
1604,0.8610695346780576
1605,0.9998058071562693
1606,0.010454339092756934
1607,0.00011239885369459572
1608,0.8937669296376907
1609,0.011173202938191204
1610,0.00028405465941324927
1611,0.9995282786490941
1612,0.02445912722376184
1613,0.9998718765517364
1614,0.9993095651811252
1615,0.00013453216542929294
1616,0.3956533935533913
1617,0.8380124314915208
1618,0.720112476059265
1619,0.9999799163676696
1620,0.9999939601770713
1621,0.7222838352497244
1622,0.0019451284621570413
1623,0.00047078476866685843
1624,0.0007509305650841466
1625,5.129060516236996e-05
1626,0.999908545327028
1627,0.9916326159884571
1628,0.9997955942136514
1629,0.9999615008977143
1630,0.9756867859399049
1631,2.7760328029836945e-05
1632,0.00024900049524450684
1633,0.9171786430670317
1634,0.0014642368783167256
1635,0.989353780512273
1636,0.678474905572138
1637,0.2282273899209758
1638,0.9983962719074915
1639,0.9999985329405954
1640,0.25390883180930585
1641,0.9898798369861953
1642,0.00033111504046241086
1643,0.00014170873739641587
1644,0.9676576236479927
1645,0.4970379696123957
1646,0.03882888192862594
1647,1.1156149174040135e-05
1648,0.999401823632239
1649,0.004820689543025402
1650,0.9996830437831709
1651,0.013842068662598971
1652,0.23621896643544632
1653,0.00010834099827871861
1654,0.9998289159251903
1655,0.8295775056818634
1656,0.998424901347347
1657,0.02042175111517168
1658,3.98291016555331e-05
1659,0.0010743255110433302
1660,0.13256489188509052
1661,0.999988495306479
1662,5.2995957117757855e-05
1663,0.9997849365892056
1664,0.0006711429126042972
1665,0.9997412313777148
1666,0.10616500121157905
1667,0.00044663099776817304
1668,0.0035468808692230656
1669,0.9999902939848618
1670,0.2130293070829154
1671,0.0019423491234258896
1672,0.00037076179992986106
1673,0.9997462074208673
1674,0.00019334185724622938
1675,3.892655549204649e-05
1676,1.4531645431240763e-05
1677,0.00030816584276964
1678,0.0014857700303325162
1679,0.5494875845652449
1680,0.999937079030587
1681,0.2848534922168971
1682,0.022579879546450122
1683,2.9854766658727763e-05
1684,0.24759466153675846
1685,0.9664802474052384
1686,0.08118862000319664
1687,0.9999560437659558
1688,6.384655659533304e-05
1689,0.007318548704971645
1690,0.0001492938316543599
1691,3.408756407237308e-05
1692,0.021613998126075815
1693,0.94625796467138
1694,0.0004320071772949145
1695,0.9999968404708526
1696,0.013823094869596462
1697,0.9993446569070104
1698,0.0021449556519942737
1699,4.262937241684279e-05
1700,0.999974138583841
1701,0.5264927179825237
1702,0.9999681062242642
1703,0.9941031488900836
1704,0.999876917043226
1705,0.9985216537127406
1706,0.00016812896732463817
1707,0.0032665711424783687
1708,0.9999464740137887
1709,1.9470502834060202e-05
1710,0.005989528648027543
1711,2.1258699863348856e-05
1712,0.99981977360762
1713,0.9998228097823137
1714,0.005409913445041053
1715,0.9853135015396176
1716,0.001544991826905576
1717,0.12326232549913033
1718,0.7543793183555326
1719,0.9998488104397985
1720,0.6085155059378022
1721,0.9999881191202299
1722,0.9999906952959152
1723,0.21556047383267443
1724,0.2070053162007085
1725,0.00013974409698912753
1726,0.00016739682105722077
1727,0.9937673560807617
1728,0.28605814840294674
1729,5.47723240247435e-05
1730,0.013372907065975046
1731,0.9998173592367061
1732,0.9141313296456272
1733,1.387358572474667e-05
1734,0.9970429637755026
1735,0.9213764785967273
1736,0.9999702183379104
1737,0.023293287533238536
1738,0.9998811314234692
1739,0.050113518999516486
1740,0.9999564524741162
1741,0.9999870136816693
1742,0.9999021661718344
1743,0.9999884355905649
1744,6.576127480133389e-06
1745,0.49799791709540964
1746,0.00010564628151159486
1747,3.7507163733975426e-06
1748,8.065512853361393e-05
1749,0.9999523324618528
1750,0.6212255342123463
1751,0.1695280069342453
1752,0.9999822441964527
1753,0.7990817229595986
1754,6.540262759686909e-06
1755,3.160584121800601e-05
1756,0.012031454347881484
1757,0.9993555758722179
1758,0.9999701965800027
1759,1.3995596838401354e-05
1760,0.9999902097422259
1761,0.9999990114810708
1762,6.493681136810943e-05
1763,0.0010168473626934983
1764,0.001762037829570583
1765,0.9999664569916326
1766,0.00012655992005811332
1767,0.9998773899789735
1768,2.3549235492393846e-05
1769,0.012484282793839332
1770,0.0141332950976714
1771,0.989870813437474
1772,4.45045289556198e-05
1773,0.9999391541738235
1774,0.9998840793227477
1775,0.9962087931261844
1776,0.9993702952359641
1777,0.9980629685616136
1778,0.013247165678219054
1779,0.0020956689531080193
1780,0.999971618317399
1781,0.9999789343790138
1782,0.001297748697462526
1783,0.9999940295483042
1784,0.00018613281205947347
1785,8.820934412465946e-06
1786,0.9998968495260089
1787,0.0006655877847162069
1788,9.219026590410056e-06
1789,0.9991197674424194
1790,0.9336002368815972
1791,5.4130203421229875e-06
1792,0.9996937802475896
1793,0.9837439053688269
1794,4.960747233945072e-05
1795,5.593732120518544e-05
1796,3.491502222490058e-05
1797,0.9998728053660414
1798,4.890807371437788e-05
1799,0.9993529336721916
1800,0.9999685860984201
1801,0.996089673512782
1802,0.0030099573893197524
1803,0.9999917799893315
1804,0.9886761244631623
1805,0.00044473250931651543
1806,0.9999244780059771
1807,0.9034694851875797
1808,4.025467361940533e-05
1809,1.0676071900951441e-05
1810,0.14786602772863994
1811,0.9999581544893844
1812,0.46831010010699686
1813,0.616860383911194
1814,0.9998826691650674
1815,0.9999308333671186
1816,0.00771410726057545
1817,0.9999624509710922
1818,0.9969321520827797
1819,0.9999415047538794
1820,0.0002740499113944105
1821,0.08555512464794353
1822,0.003405630112634882
1823,0.9997395576510101
1824,0.005234766155843671
1825,0.9997291043036307
1826,0.9999115939287091
1827,0.9932443391993615
1828,0.9180047665432923
1829,0.00015610182555779507
1830,0.9999092021105493
1831,0.9999641596908215
1832,0.9999194119551496
1833,0.9999887585276054
1834,0.0037180989146449127
1835,0.9999181644489069
1836,0.9999971441224683
1837,0.000348185515336421
1838,0.00025717116648312177
1839,0.019889015664401894
1840,0.9997086092594157
1841,0.9998881120093553
1842,0.9933377136505709
1843,0.9993189765165637
1844,0.0010729460332731834
1845,0.0006932809938818347
1846,0.9999474455788933
1847,0.3037267093802469
1848,0.008192337213992578
1849,0.9488867395807168
1850,0.7862290720463087
1851,0.0002889275721063187
1852,0.000150026031246382
1853,0.9999660848235589
1854,0.00023792874084859367
1855,0.9993036256837695
1856,0.00027689626756490155
1857,0.9999704322050099
1858,0.9895457468001331
1859,0.9815034289039436
1860,0.9999754256541549
1861,0.0008557936638692977
1862,0.7991761034212155
1863,0.726875243797722
1864,0.1104794316025577
1865,0.0007380653592212812
1866,0.00023096069901593232
1867,0.0011510759256943043
1868,0.0002552625268916296
1869,0.9962891092150348
1870,0.008166766710066685
1871,0.9999959328321768
1872,0.02897188666061801
1873,0.005420333788685548
1874,0.9989323231635642
1875,0.9996780119379473
1876,0.0006570849888868829
1877,0.9993421142692721
1878,0.9999192327703788
1879,0.3378365146986794
1880,0.0002078015800272434
1881,0.07919345454573264
1882,0.9998712003773149
1883,0.9537158996764563
1884,4.602950782270682e-05
1885,0.7966852936687446
1886,0.5718871719961693
1887,0.9999917956181941
1888,0.9984623775243958
1889,0.9999912958197845
1890,0.0012201288542083365
1891,0.002991953249625138
1892,0.0008447048541004692
1893,0.9997928904920278
1894,0.018886342510163474
1895,0.9999867784782431
1896,9.689914149721621e-05
1897,0.9982882042549748
1898,0.9999576383115707
1899,0.9999514078384271
1900,0.9987205053614
1901,0.9959580922876293
1902,0.06018022053050121
1903,0.00014454063868211733
1904,0.9999735000479528
1905,0.9994601712850586
1906,0.9021368553000204
1907,0.0026795344919928895
1908,0.9569910290556505
1909,0.9989768832243984
1910,0.00046992161263437616
1911,0.006244643494310484
1912,0.0711490974822776
1913,0.4369172533795756
1914,0.9995320264926435
1915,4.6160546084899656e-05
1916,0.009825470628325545
1917,0.9888319809887001
1918,0.9999690808826401
1919,0.9997335194715404
1920,0.001648510701437354
1921,3.061537662868183e-05
1922,0.00031817624744296785
1923,0.9999514646676048
1924,0.9179989000706046
1925,0.0013404626538104213
1926,1.6464590822388504e-05
1927,0.9999720871394572
1928,0.0006120009849269921
1929,0.9996792382734667
1930,0.9994638356016876
1931,0.010289796542187122
1932,0.9112468717961032
1933,0.9995790717844713
1934,0.9999836107216261
1935,0.9969987548332754
1936,6.530825607325774e-06
1937,0.9999290487512225
1938,7.697220821914949e-05
1939,0.00018399650847028852
1940,0.016252891390620635
1941,0.003306590243542624
1942,0.9416907443169634
1943,0.9999446018002456
1944,0.9997165787940993
1945,0.9998618046508133
1946,0.9997200013710663
1947,0.059453387232716357
1948,0.0004591313029281531
1949,7.337407766558778e-05
1950,0.9999701050998615
1951,0.9999787416138378
1952,0.9999965423242716
1953,0.9976988691274666
1954,0.0007919448179276936
1955,0.9998293814933733
1956,0.9849810107046031
1957,2.2847597648548448e-05
1958,0.9870527910400966
1959,0.8412364956623167
1960,0.9998939905437292
1961,0.9795659827267029
1962,0.0005112863980075248
1963,0.00014215814660981392
1964,0.9999747256482263
1965,0.0005080993336807206
1966,0.9998895435886668
1967,0.01126730575114265
1968,0.997149760311044
1969,0.99997277361353
1970,0.87424691096733
1971,0.06642521571058975
1972,0.022835435586247177
1973,0.5320091984482742
1974,9.844953789726243e-06
1975,0.038334558498465926
1976,0.9580726248861794
1977,0.9999937196414386
1978,0.00045739382533009463
1979,9.216950616423279e-05
1980,0.00912514937599807
1981,0.9999277031977709
1982,0.0001174367358653222
1983,0.6830925980971604
1984,0.9999783258986146
1985,0.9994935621746028
1986,0.0007814133083360416
1987,0.9999676987075755
1988,0.9993529982279361
1989,0.00011790095138969415
1990,0.8296965785626303
1991,0.9765297391538168
1992,0.9999986011324604
1993,0.43496565469639376
1994,0.004045248365847077
1995,0.8724208536175003
1996,0.00014305059508572967
1997,2.758411102807547e-05
1998,0.9999184339848337
1999,0.0214414828958255
2000,0.00046310521632683275
2001,0.9999905081202194
2002,9.9597654010823e-05
2003,0.35145548793893816
2004,0.8721994993178626
2005,0.7923800893955651
2006,6.825689554616563e-05
2007,0.9999487034761543
2008,0.9284733973576156
2009,0.018971694832502748
2010,0.9998887667639125
2011,0.9949253330215002
2012,0.9999346388643193
2013,9.809770025867829e-05
2014,0.04110780468550366
2015,0.0005761322197608095
2016,8.156023444305504e-05
2017,0.9999616676410531
2018,0.00032886821022583767
2019,0.673988045604811
2020,0.9997143234950409
2021,4.012245494366739e-05
2022,6.22566337627331e-05
2023,0.9327442010318641
2024,3.0410265060091624e-05
2025,1.5662021513125933e-05
2026,0.5125557121071661
2027,0.9989363559532314
2028,0.9999334575563138
2029,0.9999876809810072
2030,0.34140403397581687
2031,0.9977974270982207
2032,6.829472096256731e-05
2033,0.00040526206936860524
2034,2.0892882749834563e-05
2035,0.997638858686346
2036,0.9999756883642131
2037,0.0011408582891771128
2038,0.06291264028454795
2039,0.00012188167188182675
2040,0.251145070186494
2041,0.9991975819754353
2042,0.00018478310847739717
2043,4.956791769253415e-05
2044,0.9998526610956961
2045,0.8148344245752746
2046,1.883792548164853e-05
2047,0.9904948572096147
2048,0.9998949822756924
2049,0.005198975252644094
2050,0.858168303770439
2051,0.9921454036861375
2052,0.9998737261472361
2053,0.9913114027001068
2054,7.421990551019873e-05
2055,0.11308287988857656
2056,6.9955778959454755e-06
2057,0.994666613990067
2058,0.9995119310621909
2059,0.0010893623995260802
2060,0.005075892816097497
2061,0.0008330310209745255
2062,2.0678960541166796e-05
2063,3.5705253886901456e-05
2064,0.00010070788956849612
2065,0.00017206084250964959
2066,0.00028468339371967013
2067,9.100308383321145e-05
2068,0.9999809877013766
2069,0.9998191567179435
2070,6.658438708940244e-05
2071,0.00012086142408426466
2072,0.0004513438646045382
2073,0.9997891456584954
2074,0.0007704151574482023
2075,0.0004820034937753444
2076,0.9998971117278428
2077,0.9999878480961057
2078,3.798237003920316e-05
2079,0.9998608844884762
2080,2.979183988318538e-05
2081,0.017628894452084088
2082,0.9999741178713222
2083,0.9998042314549662
2084,0.00012154550122865059
2085,0.9995687787501503
2086,9.373266038386134e-05
2087,0.999980232302226
2088,0.00016947709809038035
2089,0.03610120641365359
2090,4.000433117281348e-05
2091,0.9997838185137179
2092,0.7810123876893129
2093,0.9975806305400097
2094,0.9993718894275951
2095,0.9589262990214084
2096,0.0007911013759018382
2097,0.9999561164751233
2098,0.9668242127465
2099,0.9999819616936063
2100,0.9998785620161769
2101,0.00022299917237044088
2102,0.9999746287273791
2103,0.9999766551069371
2104,0.001001418485645501
2105,0.8680745725779374
2106,0.3790992734153533
2107,0.33761237112546505
2108,0.999599016883546
2109,0.0001468712158249562
2110,0.9984145396818265
2111,0.9999651819733041
2112,0.9999820000044382
2113,0.0001252800475442627
2114,0.16825638738364995
2115,0.9998531046235234
2116,0.07312615748115071
2117,0.000299207619244065
2118,0.00031084496591777736
2119,0.9999869332220751
2120,0.540436164484196
2121,0.9998917661391437
2122,0.9998226557904405
2123,0.9999634733014644
2124,2.3975993332527425e-05
2125,0.36133844987177655
2126,0.999620587794692
2127,0.0002889461545193184
2128,0.9626410688192902
2129,0.00018342961746245284
2130,0.00896575121137939
2131,0.011239046233223134
2132,0.9999588316769298
2133,0.012366869640011312
2134,0.9667647791198859
2135,0.8539033742003964
2136,0.05462389654909549
2137,0.001132078573572198
2138,0.0003215225596770908
2139,3.116853341736749e-05
2140,0.9984305220490779
2141,0.9999949985170172
2142,0.9999329449288297
2143,0.9990598280334934
2144,0.019357843855466347
2145,0.9996255707449828
2146,1.7527198707678926e-05
2147,0.9823179033878192
2148,0.00032535174769670054
2149,0.02820997827488472
2150,0.00022158419595300131
2151,0.32576713615894837
2152,0.9323289655635945
2153,0.00024208420695314204
2154,0.0002551217670073741
2155,0.00011435349113742773
2156,0.1156819105287743
2157,0.8326460832148522
2158,0.0001225357773229174
2159,2.0685403801565938e-05
2160,0.9999679105238982
2161,0.9999472006648578
2162,0.999900303633961
2163,0.00012869466392311115
2164,0.0524963939232607
2165,0.998685673181202
2166,0.9990625365895158
2167,0.9966702779646989
2168,0.10638732990083975
2169,0.9982578541108015
2170,0.9998516541570438
2171,2.6585079072223203e-05
2172,0.0005036812160993037
2173,0.9999093693076823
2174,0.551096100567569
2175,0.9336561882271529
2176,5.391296955579624e-05
2177,0.004508872153859281
2178,0.6038339083534404
2179,0.999496746773242
2180,0.9999389526368709
2181,0.008815365765706759
2182,0.9874284530619833
2183,0.9979522016963427
2184,2.020065848384751e-05
2185,0.9979827320976712
2186,0.9999915564776933
2187,0.001143526929408373
2188,0.16253692180768323
2189,0.999915628361099
2190,3.127587228068311e-06
2191,0.7693779157468551
2192,0.9011545552453961
2193,0.0001636246890036048
2194,4.570800781533357e-05
2195,0.0048804338017367265
2196,0.2694919198617029
2197,0.9977117093112838
2198,0.9998799637635484
2199,2.6207084598900464e-05
2200,0.9966468887699346
2201,0.999985930515632
2202,0.008400177941783061
2203,0.00030015847590888627
2204,0.9296107341384524
2205,0.21010526301580457
2206,0.9998890978790512
2207,0.9999956113901081
2208,3.838804444031018e-05
2209,0.999634413356051
2210,0.0011279802565898318
2211,3.0927107782580445e-05
2212,0.7584909087715989
2213,0.9983853975774576
2214,0.9887636276346857
2215,0.999877378680467
2216,0.8335903681178085
2217,0.595954140906699
2218,0.00062400992110673
2219,0.9989022484278591
2220,0.0004926540835753642
2221,0.9999761401224093
2222,0.9999982277673842
2223,0.9999838804266601
2224,5.18939747416795e-05
2225,0.9831290446437094
2226,0.9999940613139231
2227,0.9896664949423154
2228,0.9101567499826242
2229,0.9997802349011274
2230,0.0021875124498410164
2231,3.0074711109479278e-05
2232,0.0005409653942110325
2233,0.9999853593753274
2234,3.0390891606548397e-05
2235,0.11458488259035005
2236,0.04044211257053413
2237,0.00451084355259603
2238,0.033149018146850937
2239,0.9996881977780266
2240,0.013794701269728493
2241,0.0025121438575956175
2242,0.9016519897702668
2243,0.3096915108112373
2244,0.0004751163847597046
2245,1.6692629618621642e-05
2246,0.36087670354406354
2247,0.8782899988146071
2248,0.9999465792590552
2249,2.0159076363171562e-05
2250,0.9998795096377363
2251,0.9999963471104173
2252,0.9993519368433889
2253,0.9999691957254465
2254,4.722028560058288e-05
2255,1.0819643267409668e-05
2256,0.9999811624213075
2257,0.9998584938743451
2258,0.998173899224551
2259,0.030915835421467985
2260,0.0022061827636805213
2261,0.12534217137859938
2262,0.00018384583808027074
2263,0.00011272549958072742
2264,0.9921980681294859
2265,5.509681381322406e-05
2266,1.5025358023147444e-05
2267,0.9999927753910121
2268,0.9999886594335449
2269,0.9999710376046352
2270,0.9987350953163081
2271,0.00013861432400528458
2272,0.9993499331132432
2273,0.9999060220620685
2274,0.97275027911797
2275,0.42236305357840237
2276,0.4369440245912203
2277,0.9999528311722428
2278,0.008081202732218228
2279,0.0002806687775604839
2280,6.346851449803049e-05
2281,0.9998915840696027
2282,0.0020805751054691264
2283,0.999862689507084
2284,0.9770638856216335
2285,0.9792462613457582
2286,0.005948148130829601
2287,0.9999906804404248
2288,0.00028106788626821086
2289,0.000827601048113989
2290,0.9999927028857203
2291,1.4673867985197846e-05
2292,0.9918384275486277
2293,0.999873603437981
2294,0.00023525626629390691
2295,0.9999357523715907
2296,0.9999954474521838
2297,0.998765354965216
2298,0.9999435600639277
2299,0.9999836712223138
2300,0.0012843743548354442
2301,3.8038616319422856e-05
2302,0.001210938255332622
2303,0.9999097420271322
2304,0.9983994042028341
2305,0.01422182244632545
2306,0.9664447489468514
2307,0.9999946067045058
2308,0.9999936379218017
2309,0.9997498423165341
2310,0.8449764188217349
2311,0.0005131120680420094
2312,0.6680611256050403
2313,0.9997843241417391
2314,0.17281959519335846
2315,6.974121227981643e-05
2316,0.0005128806949347077
2317,0.9907618271050013
2318,0.00045821221650393056
2319,0.001004284201041779
2320,0.9994210563478584
2321,0.9999837099420438
2322,0.9999731069639486
2323,0.18932509875130996
2324,0.9497025803008498
2325,0.7634327862037302
2326,0.9999650513605165
2327,0.9804127201374079
2328,2.1672025079458413e-05
2329,9.849022845024439e-05
2330,0.002198709572783082
2331,0.9999097034126692
2332,0.9925273979212047
2333,2.2218038347354754e-05
2334,0.9997689273243339
2335,0.9999496856115253
2336,0.9574232799622712
2337,0.9992688332135876
2338,0.9999959670334785
2339,8.240423234525074e-05
2340,0.9999892281092565
2341,0.986229099629543
2342,0.0010440560200193725
2343,0.5747773461060363
2344,0.0002846296076943514
2345,0.9563547226426957
2346,0.9607585901103743
2347,0.9998755022486259
2348,0.9998775664120845
2349,0.003730004070920191
2350,0.9998771645924729
2351,8.465044993726289e-05
2352,0.9999652976081834
2353,0.8912295322788354
2354,0.9217814152638429
2355,0.00011737573859092505
2356,0.015916354648582733
2357,0.989016484005404
2358,0.00036365322125753315
2359,0.9995862566707564
2360,0.9999564651977667
2361,0.9987794283954742
2362,0.16954003397007425
2363,0.9997855536901119
2364,0.9999971755505218
2365,0.998470161446847
2366,0.000585571372602556
2367,0.6638126399952682
2368,7.004050956680157e-05
2369,0.9991022497049922
2370,0.000765002782580251
2371,0.9997490771857799
2372,0.9999967046490771
2373,0.011286756962555482
2374,0.14524945628521113
2375,0.075277144075183
2376,0.9999662962304954
2377,0.9997312434686518
2378,2.8499840646909003e-05
2379,0.0016353010771086897
2380,0.00014860432319780125
2381,0.9999243479494524
2382,0.9929730459166985
2383,0.03316145150028782
2384,0.9995902428257181
2385,0.0006748463245062505
2386,0.0003141941746244024
2387,0.9997310990239805
2388,0.9996426377248909
2389,0.1486479239173981
2390,0.806477264147774
2391,0.14046128484014403
2392,1.0866428044811934e-05
2393,0.9896151603088618
2394,1.8355111360474264e-05
2395,0.18030923223257378
2396,0.09307418446412684
2397,0.9981466027341204
2398,0.9999670472638892
2399,0.9998932270393208
2400,0.9999356705452377
2401,0.9709378598799446
2402,0.0020405734819367383
2403,0.00014591883768569117
2404,0.04499776558898959
2405,2.1653206483725108e-05
2406,0.9998037926363311
2407,0.0003721252149354
2408,0.00012570846569398046
2409,0.7032141680832655
2410,3.9157831667600155e-06
2411,0.5028697011642526
2412,0.9999505422275471
2413,0.9999961692564474
2414,0.9350815990127137
2415,0.9983652320284201
2416,0.025377384315979096
2417,0.9999699095360799
2418,3.054199096212149e-05
2419,0.037304717007764186
2420,0.22869531165446522
2421,0.00037263994706790654
2422,0.9993662471324011
2423,0.11587727310090129
2424,6.714957357791455e-05
2425,0.00023326384503315754
2426,0.00025062882409104137
2427,0.20263655630696512
2428,1.6059821851948685e-05
2429,0.005236754418220675
2430,0.8992618850548738
2431,0.00042521333222967543
2432,6.789018768127806e-05
2433,0.9999060822797458
2434,0.3510582876712844
2435,0.9869350099791064
2436,0.00035913464530988484
2437,0.9999961368364316
2438,9.260428350649365e-06
2439,0.0609516296556677
2440,0.9981469165287247
2441,4.275200542437001e-05
2442,0.9995937361528403
2443,0.9964383704655291
2444,0.9861950368135809
2445,0.9999348597611992
2446,0.00012903856146573447
2447,5.110637479072558e-05
2448,0.9996448378116757
2449,0.0012746488598651873
2450,0.9997163574630311
2451,0.8923336567010633
2452,0.0022645845069711947
2453,0.9999827376467064
2454,0.006591099465162255
2455,0.9998601303491395
2456,0.0018635754058265294
2457,0.9998658649730818
2458,0.04427798898317994
2459,0.9127443723013037
2460,0.9999187270921762
2461,0.0006402819220760839
2462,0.41202490604049014
2463,0.01741835019744133
2464,0.8908211458094301
2465,0.9997847245629037
2466,0.0029893254259717116
2467,0.998229100604332
2468,0.00010406029819876768
2469,1.159374623645198e-05
2470,3.2332056888807814e-05
2471,0.0024881138496496446
2472,0.9995411899336624
2473,0.99960642873867
2474,0.9999202687241345
2475,0.0033943474565986923
2476,0.9999589882973599
2477,6.206692886940442e-05
2478,8.538379229015065e-05
2479,0.9958012107758585
2480,0.9999686197857531
2481,0.007206424496481205
2482,0.9998620270603564
2483,0.9989188243685689
2484,0.999809525173418
2485,0.9999984662336064
2486,0.000625512008395736
2487,0.00411451163061976
2488,0.0004711351835940272
2489,0.6075734637775486
2490,0.9999943550569866
2491,0.07249212407348442
2492,0.9997438010536572
2493,1.3023717245927488e-05
2494,0.4220371592604425
2495,0.0028910670563815676
2496,0.9842107894866342
2497,5.518167291325356e-06
2498,0.1461983403801788
2499,0.983666632482876
2500,0.1295392480978471
2501,0.9999135630392223
2502,0.9999957118524659
2503,0.964371589850507
2504,0.00020037194721001593
2505,0.0001177187556963471
2506,1.1794513885851602e-05
2507,0.9999704461782801
2508,0.4494432812665197
2509,0.005581820285819909
2510,3.5030760370271746e-05
2511,0.9999928871797498
2512,0.0027700438904375434
2513,0.9996698448817284
2514,0.9999866803686381
2515,0.9999511687880086
2516,2.8369420365676024e-05
2517,0.001492985466743405
2518,1.4338460057195582e-05
2519,0.00021781397790406686
2520,0.9998650911063648
2521,0.03627940948928721
2522,0.9999575272511022
2523,0.998320714494874
2524,0.0006125692229531733
2525,0.9997322243621592
2526,0.9999395921403682
2527,0.9999968199575265
2528,6.233079120196491e-05
2529,0.9992424286317767
2530,0.007615492217103787
2531,0.0007935130740741224
2532,0.9998656081042228
2533,6.882205472715127e-06
2534,0.9999696092494466
2535,0.8607273919326534
2536,0.9999208696553187
2537,0.9979934759358015
2538,0.9926300359092385
2539,0.999899232193771
2540,0.9989442237089083
2541,0.041453356447781364
2542,0.9999385387792453
2543,0.9999838498116079
2544,0.9996385094867924
2545,0.00032788034380917396
2546,0.9999964888397109
2547,2.1553601514724675e-06
2548,0.0017134796946767115
2549,0.995964468338586
2550,0.12526207879697973
2551,0.9995091919115103
2552,0.9999963409577111
2553,0.9791674860203767
2554,0.9999571992376259
2555,2.982717013203313e-06
2556,0.9830333877374543
2557,5.024821460479516e-05
2558,0.00023750198178147512
2559,0.012741476674590444
2560,7.391284345284472e-05
2561,0.9999207177489843
2562,0.9697467400606584
2563,0.00016284478512280318
2564,0.9999691354947806
2565,0.9786164522438414
2566,0.968314328224631
2567,0.6982794742316442
2568,0.9999991840411385
2569,0.9999926232925276
2570,0.9999885626689102
2571,0.9621848928874612
2572,0.0012498302658453234
2573,0.1077084632196398
2574,0.00010939085944750207
2575,0.3459693730758679
2576,0.9999975607841171
2577,1.8877076462545814e-05
2578,0.00014690393106528627
2579,0.999955023454926
2580,0.9999436667793051
2581,0.999853287309971
2582,0.9999685419034633
2583,0.06410074060502284
2584,7.603838060978026e-05
2585,0.990363701160867
2586,0.0008822931767599261
2587,1.0164046501393132e-05
2588,4.5381114859643455e-05
2589,0.043302748355969575
2590,0.9999402863512864
2591,1.6048506033595343e-05
2592,0.9999112317372705
2593,0.0027949020305602815
2594,0.013137850956861524
2595,0.04538158961852552
2596,0.008045320602625711
2597,0.07447634338210543
2598,0.9995378213347559
2599,0.9999891927547943
2600,0.3133716996312153
2601,0.9999362762295684
2602,0.9998531125147186
2603,0.0009481727456608283
2604,0.974553770389726
2605,0.99957421540228
2606,0.4460939451892066
2607,0.00026591289823636613
2608,0.24944154084404144
2609,0.0023982479011740916
2610,0.9996977014099893
2611,0.035690625290450084
2612,0.00022246382167471788
2613,0.9987515912116116
2614,0.00033098209494671126
2615,0.9999911190489597
2616,0.9957274994276764
2617,0.9999951466633907
2618,0.03301512283835998
2619,3.359104177694883e-05
2620,0.00010002782809793695
2621,8.729812995634155e-06
2622,0.3205992848899711
2623,0.0001267516921751968
2624,0.02095299082438944
2625,0.999625306616496
2626,0.9963187341640821
2627,0.9999608962307429
2628,0.00027688023445069623
2629,0.9994309546648202
2630,0.9995435060472141
2631,0.998393497576437
2632,0.00015629127312321653
2633,0.9999278445625835
2634,0.00018453855841130373
2635,0.0010625924683897241
2636,8.849293169875288e-05
2637,0.000524828047996744
2638,0.9986954836618637
2639,0.996046821492543
2640,0.0008067691985933628
2641,0.9978687280483358
2642,0.9997291142426503
2643,0.8960674814304543
2644,0.0007988396331511805
2645,0.9999611485994061
2646,0.0009328618375959817
2647,0.9915537050935948
2648,5.897097240718401e-05
2649,0.9999854917370423
2650,3.0500857018470574e-06
2651,0.9997956234341944
2652,0.999693104848059
2653,0.9999321208109518
2654,0.9999511228643665
2655,0.012325400885953302
2656,4.144567837288943e-05
2657,0.8270973207570111
2658,1.0948201346764244e-05
2659,0.9999231645898352
2660,0.9998988487373606
2661,0.999422534230345
2662,0.1573206477712016
2663,1.4436557958383037e-05
2664,8.187180190538813e-06
2665,0.04461433425600339
2666,4.931076738619794e-05
2667,0.4125386188538874
2668,0.9999882670365341
2669,0.9983166895990793
2670,0.9984719121670648
2671,0.014502344881086423
2672,0.000561135192310262
2673,0.9999822671307557
2674,0.0005989120746756998
2675,0.7536952808164321
2676,0.999290830635948
2677,5.624954372432687e-05
2678,0.9873538455102355
2679,0.004646386674159112
2680,0.9999970791748881
2681,0.07721425809042072
2682,0.45781234436313517
2683,0.9999928950611123
2684,0.035211381543817304
2685,0.00047079517851371746
2686,0.9999302067286954
2687,0.9982045503431582
2688,0.9641584633241855
2689,0.000528364412958153
2690,0.0005252001246673696
2691,0.999644975832555
2692,0.9990162564070837
2693,0.9996908648512769
2694,0.0006478872572334112
2695,0.9996824505301701
2696,0.4802253269854301
2697,0.1292576293596106
2698,2.9668515179880413e-05
2699,0.9209567006596582
2700,0.9999875515746112
2701,0.999756229926256
2702,0.0013777501270378326
2703,0.0006268134933356637
2704,0.00021599217663622415
2705,0.0008493634546201463
2706,0.08715343505950596
2707,0.00016985528811105488
2708,0.9997180158130833
2709,0.9999928689681332
2710,0.6287467084227059
2711,0.9998644681477487
2712,0.9999240283891281
2713,0.024044280610973606
2714,4.253635088996155e-05
2715,0.00146991193911918
2716,7.523872456767876e-05
2717,0.9999885983173337
2718,0.021752268534040678
2719,0.9999468058594954
2720,0.9999199270101348
2721,0.999739310052668
2722,0.00011866299536639213
2723,0.999815241551373
2724,0.00024158989940325528
2725,0.9913452186819377
2726,5.199129295864674e-05
2727,0.997303217503356
2728,0.000498392975406462
2729,3.493803612873892e-05
2730,0.9994400583785732
2731,0.9952335194077896
2732,0.9995396233207956
2733,0.9997094624823631
2734,0.9999628591067053
2735,9.559943942863572e-05
2736,0.00039755814742973363
2737,0.9970611542344242
2738,0.9998776221094512
2739,0.0005126122163671096
2740,0.00018724050875606479
2741,0.9999432093891847
2742,0.8867446708613774
2743,0.8970386758863075
2744,0.42239221518148734
2745,0.18484592659452645
2746,0.001141988542627274
2747,0.00016258538064175296
2748,0.016584123851262633
2749,0.9848595038148904
2750,0.9635466491603402
2751,0.35254935895328376
2752,0.0011289784199009145
2753,0.31629480135066196
2754,0.9858103256806333
2755,8.630053676999986e-05
2756,0.9999577535345282
2757,0.00028453668954504894
2758,5.799171615876937e-05
2759,0.9999414726078867
2760,0.8200439965567323
2761,0.9993934270016765
2762,0.9991212587064748
2763,0.9999570710849439
2764,0.0024227239312982736
2765,0.0017229659366944294
2766,0.0002908235338059189
2767,1.1595155997670046e-05
2768,0.0005337450942622615
2769,0.9996756991849974
2770,0.9990920993260275
2771,0.9993103690613093
2772,0.1319739957419255
2773,5.375959588721802e-05
2774,0.9473659432954509
2775,0.9986084501568104
2776,1.1816889128991919e-05
2777,0.937710521120357
2778,0.9537843589653612
2779,0.00032702830067634476
2780,0.9991560817912436
2781,0.003838726935633703
2782,0.9494271038259422
2783,7.179480838573571e-05
2784,0.002521544971373795
2785,0.9252917764268699
2786,0.0010539721556463647
2787,0.0004917992235804268
2788,0.08768390898745668
2789,9.675828667571309e-05
2790,2.614158886598491e-05
2791,0.6705021705405156
2792,0.9990656238202642
2793,0.013201759386457948
2794,5.4406665508639314e-05
2795,0.40778558790880187
2796,0.9161897076165489
2797,0.9999882332004897
2798,0.9999625497656269
2799,0.0004915923397784464
2800,0.46028862002872806
2801,0.40687577284140464
2802,0.0012028720974017544
2803,0.002230717407992601
2804,0.9948977995402719
2805,0.9999900328102023
2806,9.499547989511395e-06
2807,0.9925287255238676
2808,0.9994927049978302
2809,0.11497099059898949
2810,0.9998122966397943
2811,0.00460927727158802
2812,0.2846157971403286
2813,0.0019634624215703537
2814,0.9033220752860934
2815,0.9999858063006535
2816,0.835473476806419
2817,0.9210832506254065
2818,0.7998335737983463
2819,0.9925692950912994
2820,0.0012137537358354246
2821,0.0001292715465263025
2822,0.9999029182491818
2823,0.19219161632632284
2824,0.9998113388345828
2825,0.9593327527494214
2826,2.7189393410217414e-05
2827,0.034026142805061055
2828,0.9990345678132873
2829,3.5698846771086615e-05
2830,0.9999691689310218
2831,8.939837326836564e-05
2832,0.0034098550457491873
2833,0.9507258413582196
2834,2.8799237120394002e-05
2835,0.09779571962762483
2836,0.9998752665614662
2837,0.037719848203684014
2838,0.9724582850113968
2839,8.07225811421653e-06
2840,0.0013170575837544297
2841,0.9996714575597461
2842,0.00015907184688516027
2843,2.6555778956797843e-05
2844,0.9999121356923447
2845,0.5312799789571647
2846,0.9998465743548972
2847,1.9707250498990077e-05
2848,0.04512214059946158
2849,0.009940816287075209
2850,0.1929086461314308
2851,5.516998612276325e-05
2852,0.005354402193710339
2853,0.9999698659473237
2854,0.9996194755982807
2855,0.2388402922815073
2856,8.840355467834807e-06
2857,6.858987662210483e-05
2858,0.4175608447394636
2859,0.9489071650347868
2860,0.36953839369343316
2861,0.9807610520964501
2862,0.9999630057242291
2863,0.00023607501406375762
2864,0.9998995684594423
2865,0.999971691383631
2866,0.8010638350810989
2867,0.9999214544936764
2868,0.0022745300171127837
2869,0.9998226035974282
2870,0.9998903004674179
2871,0.9999851156807925
2872,0.00014585803161864627
2873,0.9999978389509071
2874,0.000122438568535256
2875,0.9905720647207091
2876,0.9999786992415693
2877,0.9964035621692847
2878,0.00024587007589512447
2879,0.0473801100090417
2880,0.935972522116439
2881,4.1603030108557454e-05
2882,0.00039042692529990915
2883,0.9938038735611766
2884,0.00040821004591562086
2885,0.017364373854610763
2886,0.9910278825564531
2887,0.9997974059669028
2888,0.000574806364497406
2889,0.9999973042841896
2890,0.9997273766085699
2891,0.6853102322933364
2892,0.999928829198736
2893,0.0001435390727769595
2894,0.9999789209446808
2895,0.013299745938407036
2896,0.924242031374385
2897,0.9999968615691809
2898,0.0005524802153560048
2899,0.9998486531696028
2900,0.9934613478738136
2901,0.9873144965407658
2902,0.9935176393995246
2903,7.561195184619551e-05
2904,0.9989689493350963
2905,0.014348035672073538
2906,0.021240234955622668
2907,0.9995540949139031
2908,0.009234228092737782
2909,6.644172777128881e-05
2910,0.9995906857671689
2911,0.00047546391731310224
2912,0.0005186510060588369
2913,0.004721393896955294
2914,0.9969423265506623
2915,0.0009986278120666231
2916,0.3371056299721954
2917,0.9997702033193839
2918,0.9999894943831537
2919,0.9999757820421253
2920,0.9999978021469376
2921,0.9999980007762065
2922,0.9998863780432011
2923,1.5790603840576533e-05
2924,0.999968001084736
2925,0.9917306646939582
2926,0.9997721249753945
2927,0.009016576612571785
2928,0.9998036974688281
2929,0.9998955350561204
2930,0.9998017713462146
2931,0.9999674281874622
2932,0.9999834699967597
2933,0.9999024468027118
2934,0.7060981136683312
2935,0.1390479446854847
2936,7.175113747148516e-05
2937,0.9999642416226516
2938,0.00038173172616785253
2939,0.9983955488972888
2940,0.9995619571964086
2941,0.9999082669093566
2942,0.3730060690211209
2943,0.9700815570329029
2944,3.557530534369534e-05
2945,0.004336820839485551
2946,0.9804129809105512
2947,0.9987883922176243
2948,0.9999780047803413
2949,0.0005215491924689653
2950,0.9999756408463903
2951,0.9997454682936506
2952,0.0004452800176941843
2953,0.9989537289399487
2954,0.8639735291554008
2955,0.9999481719240996
2956,0.873971131546889
2957,0.001500258545474655
2958,0.9983624405532837
2959,0.9999845628499581
2960,0.9924997215704052
2961,2.0668169407502165e-05
2962,3.6288376537801605e-05
2963,0.9730501406704289
2964,0.9999912797218699
2965,3.491800736409047e-05
2966,7.178762374707567e-05
2967,0.9998191625156762
2968,0.9688558213418856
2969,0.7655041193814814
2970,0.9999922045320326
2971,0.9999408557004067
2972,0.8687656522706043
2973,0.7502080965618404
2974,0.9995468126992574
2975,0.9999750202121281
2976,0.9999721286432679
2977,0.9156668858886663
2978,0.9999947134769105
2979,0.9999734647308212
2980,6.109665061323785e-06
2981,0.00011065811791029685
2982,0.0005114275221007088
2983,0.0050767806119884455
2984,0.9997168765338976
2985,0.5371030696855501
2986,0.2875336304674537
2987,0.9998213817144693
2988,0.009221830704038144
2989,4.09604399604249e-05
2990,0.0006277812862157936
2991,0.9998750656970324
2992,2.4529174485333783e-05
2993,0.6158884818089702
2994,0.00019384239703221673
2995,0.9995064339027104
2996,0.5137344468828483
2997,0.9994703418828054
2998,0.00016754663607256078
2999,0.0411017133664161
3000,1.0922551867125713e-05
3001,1.4808048138196254e-05
3002,0.6877115939671924
3003,0.9995691985625373
3004,0.9993746578177702
3005,0.9999926235368147
3006,0.9999982845702167
3007,0.00013062771619812654
3008,0.9999827817976611
3009,0.9337983013511579
3010,0.9908429405493712
3011,0.0004756515160895966
3012,0.0004422159598336507
3013,0.011514695545566384
3014,0.9506454859866302
3015,1.9804025290742366e-05
3016,1.3844843307129257e-05
3017,5.216757046581832e-05
3018,0.9996517757197126
3019,0.9999759199254454
3020,0.9996517924883299
3021,0.9997799684549009
3022,0.08383576618725387
3023,0.012584103870999981
3024,5.13568047155394e-05
3025,7.507076772226568e-05
3026,0.00034405293392653183
3027,0.9999435453758033
3028,0.9999178724532503
3029,0.18869255880254932
3030,2.8371840357117288e-05
3031,0.9997670431713079
3032,0.9987041064721852
3033,0.9999893834998258
3034,0.04482195209900851
3035,0.0002848064904995294
3036,3.4557809421354406e-05
3037,0.9999914983179664
3038,0.00033696933612709773
3039,0.9999552005833081
3040,7.648272806674371e-05
3041,8.738443333181106e-06
3042,0.9998174410549733
3043,0.9999610150518304
3044,0.9998639020179624
3045,0.0002223988118756805
3046,0.9997392113892133
3047,0.46818482488494884
3048,0.9999124633400863
3049,0.986911540394267
3050,0.9998796971022151
3051,0.9082847665783325
3052,0.0001500861559321933
3053,0.9677486570192835
3054,0.0004504229064644327
3055,2.532693372761362e-05
3056,0.9994792928776194
3057,0.9999966054030766
3058,0.9999847346932822
3059,5.776306292638555e-06
3060,0.12108789105178104
3061,5.864833197070569e-05
3062,0.9999723102170857
3063,0.9999241943950177
3064,0.9992774684913741
3065,5.2941846069577015e-06
3066,0.9999427603464961
3067,3.9253421847052344e-05
3068,0.9998765717396233
3069,0.7698763798464745
3070,0.9999939671368169
3071,0.995775984346787
3072,4.12938629574604e-05
3073,0.9999979788257012
3074,0.00483321125732053
3075,0.6428122386232104
3076,0.0013849065074521686
3077,0.965898293995733
3078,2.1976566852923576e-05
3079,9.577005099586339e-05
3080,0.9999122317075858
3081,0.9999720301631566
3082,3.189031133075989e-05
3083,0.0026964727701552205
3084,0.04042506093372366
3085,0.820665659432482
3086,0.9999941283996449
3087,0.9995757931681403
3088,0.9972864927317091
3089,0.9968655463093126
3090,0.9306543175229223
3091,0.020294224265462665
3092,0.9999868670544798
3093,0.0002847223046835412
3094,0.9999223327589847
3095,0.01320641456076778
3096,4.519810673503651e-05
3097,0.9961837609549623
3098,0.9999517688075971
3099,0.9789066683103267
3100,0.9999718155900567
3101,4.0759459299205115e-05
3102,0.9684516346067713
3103,0.004494535624251749
3104,0.024943375370547395
3105,0.9992305653166648
3106,0.00010717722669258766
3107,0.19196878360183622
3108,7.027300211296012e-06
3109,0.0025286329642588757
3110,5.943457051189026e-05
3111,0.00017578670100066004
3112,0.9990052040261612
3113,0.9368933826963988
3114,0.9798897835214496
3115,0.9999957179806498
3116,0.8200032201073273
3117,0.8836025722476927
3118,0.9530008633610113
3119,0.0005756302727355421
3120,0.0006896075453679598
3121,0.051047967622967635
3122,0.01869422786282184
3123,0.9979047583688949
3124,0.02659453736364457
3125,0.6868256887713385
3126,0.9999903587999845
3127,0.9988974657188541
3128,0.9824775627684578
3129,0.9992311700585889
3130,0.9999122061148735
3131,0.9975533425012345
3132,0.9999946911391397
3133,3.938844925659891e-05
3134,2.708949777197164e-06
3135,0.620266338030213
3136,2.0835013753631815e-05
3137,0.4870411724899469
3138,0.9998839525566628
3139,0.9999832035666972
3140,0.9999263924568029
3141,0.002078268519159237
3142,0.8508008847819132
3143,0.007703696023414403
3144,0.13211540309869807
3145,0.9999988571031889
3146,0.9999924044663666
3147,0.9995401542667968
3148,0.9999878079164982
3149,0.26803002026410433
3150,7.807657677801365e-06
3151,0.9892075053552377
3152,0.9999618478864237
3153,0.9998932170454223
3154,0.9004365151673096
3155,0.002900230198173693
3156,0.9999197733676085
3157,0.9999957371216522
3158,0.9994898767745093
3159,0.9998386781478488
3160,0.0013573615258667504
3161,0.9998847189402744
3162,0.0006847617893603404
3163,0.000693990520594309
3164,0.9999460209439366
3165,5.2509113488640436e-05
3166,0.00010047104791506984
3167,0.9996251838114006
3168,0.999883136685154
3169,0.995095152321748
3170,0.8450544311004937
3171,0.9999723714423421
3172,0.00035120339273645606
3173,0.9999442206573088
3174,0.9995648273584884
3175,3.057794478843204e-05
3176,0.9997591048172545
3177,0.004456809188092068
3178,0.9999298242575139
3179,0.00034132518786913324
3180,0.9996379539839509
3181,0.00014135293752766786
3182,0.9735195321694932
3183,0.8244756923610836
3184,0.9999397124773358
3185,0.9999969457176058
3186,0.999987190029501
3187,9.284653397197579e-05
3188,0.9998755268478833
3189,0.9998287851200186
3190,0.0003412940610912754
3191,0.0003863344273051037
3192,0.00045863939464082447
3193,3.464739699932486e-05
3194,9.173539197370689e-06
3195,0.9994391296238222
3196,0.9466593952872224
3197,0.0016798309352728288
3198,3.6806657147637837e-06
3199,0.001267522310508083
3200,0.9662160643484795
3201,0.9999959670644362
3202,0.9999960642396479
3203,0.5710584173657669
3204,0.0008169587799871003
3205,0.00030980126279771757
3206,0.9999093554013921
3207,0.9999923820686423
3208,0.9991915678362944
3209,0.005783632230404577
3210,0.8591361072146932
3211,0.9988526877576057
3212,0.01901404336834117
3213,0.000398007869500833
3214,0.9999569833021654
3215,0.9991624727093766
3216,0.999992667226118
3217,0.9823380506366913
3218,0.9549312820509203
3219,0.0007890749027697153
3220,0.00010048146994807571
3221,0.00010071892313734705
3222,0.9998793461466452
3223,0.9574265533437688
3224,0.9804430238106273
3225,0.9993744325670278
3226,0.9999973761695737
3227,0.29051679534814034
3228,1.4130880757704144e-05
3229,0.9898376879794867
3230,0.9998937429244825
3231,0.9990041011023878
3232,0.9995936904169144
3233,2.711288811467451e-05
3234,0.9994982415934552
3235,0.3900937729899509
3236,0.12894883383927708
3237,0.41454223191244893
3238,0.023505116446197172
3239,0.999995341791248
3240,0.9798565245166139
3241,0.9993944974477538
3242,9.880061963777421e-05
3243,0.9918240098467702
3244,0.999952207247716
3245,0.9999788873287323
3246,0.0002119696505877491
3247,0.8446922701837483
3248,0.021516361448372146
3249,0.31790467282196944
3250,0.001990158887144087
3251,0.00025429141014919994
3252,0.9984121985335698
3253,9.374665048566907e-06
3254,0.00027914645643727976
3255,0.0017080721161212167
3256,0.0013259877799000018
3257,0.9996618252454457
3258,0.9999831944748375
3259,0.9989793166037012
3260,0.14685500363860335
3261,0.999972940672881
3262,0.9207639105636105
3263,0.9999292367527635
3264,0.9999463620799339
3265,0.8222162586928429
3266,0.9176715714060486
3267,0.31791684662767317
3268,8.930807220629333e-05
3269,3.93213606334578e-05
3270,0.003698854339467396
3271,0.9999742633324181
3272,0.0001693468536116984
3273,0.9999776208020513
3274,0.9986045845730521
3275,0.9972711783478446
3276,0.08351460934114725
3277,1.9203611294708072e-05
3278,0.9172252741461943
3279,0.999876812088691
3280,1.7306607805135042e-05
3281,0.0009493192654171224
3282,0.00018772100651405496
3283,0.9999917502375322
3284,0.9998940177896632
3285,0.00069806569541989
3286,0.8970505192287594
3287,0.9747044287077501
3288,0.99992313295437
3289,0.649874474759147
3290,1.6160810353916417e-05
3291,7.137270418847792e-05
3292,0.9999470774029076
3293,4.024002232607931e-05
3294,0.5688526352351646
3295,0.999949940142016
3296,0.9998114767425822
3297,0.5156230811226908
3298,2.032564923480823e-05
3299,0.006395780771478445
3300,0.0011243266379758633
3301,2.122139629122409e-05
3302,0.00024653617201814696
3303,0.999979634856313
3304,0.9988789463720131
3305,8.068596604099246e-05
3306,7.493175904826867e-05
3307,0.0004691745287154082
3308,0.9967413030045961
3309,0.999816194894184
3310,0.9999903452587026
3311,0.003166239198661498
3312,0.9133688721942128
3313,0.7049473063877512
3314,0.9608853077664624
3315,0.13253292611172804
3316,0.00018036606111248167
3317,0.00022012757308732282
3318,0.9999808163302777
3319,0.9934696483115317
3320,0.0001107307893736595
3321,0.9999755848778875
3322,2.0376034658891414e-05
3323,0.9999835182947295
3324,0.001558328557162374
3325,0.9905948074598651
3326,0.8973816763673961
3327,0.9999786922986617
3328,3.753149480664639e-05
3329,0.0002822589111360697
3330,0.0013705117518196662
3331,0.9988860939809087
3332,0.008747544189522206
3333,2.9034753191949375e-05
3334,0.0012579203950045833
3335,0.9998650550280224
3336,0.1750058878009939
3337,0.0001474431751580853
3338,0.5946859983779982
3339,0.9999753820760579
3340,0.9919042929038822
3341,0.9566749365164251
3342,8.847454941939733e-05
3343,0.0003804838976868115
3344,9.906936109337738e-05
3345,3.4834415582141665e-06
3346,0.00020116266912375945
3347,0.9969344234372952
3348,0.9986881851023691
3349,0.9999768444956436
3350,2.999072922637833e-06
3351,0.9536145966513588
3352,0.002291306037696795
3353,0.99985897085487
3354,0.9998266791205727
3355,0.9977707082415548
3356,0.00021620996892309828
3357,0.2690096809945319
3358,0.03229742735641988
3359,0.9999139187920828
3360,0.9943279867355288
3361,0.0004325652422046635
3362,0.0018502019935047118
3363,1.0837691539123042e-05
3364,0.999993383145393
3365,0.2496836803273729
3366,0.9999965088829502
3367,0.9969930876632572
3368,0.9271328449722279
3369,0.07333185670111471
3370,0.9308978207250658
3371,0.9997644196054432
3372,0.9929040629588889
3373,9.502205535216611e-05
3374,0.999813071888726
3375,0.8915120491908538
3376,0.25571377934502515
3377,0.00021133427132226246
3378,0.00019854904365244053
3379,0.9998937209960711
3380,0.9980504190996896
3381,0.999538902449911
3382,0.06075734058313266
3383,0.9999961859835997
3384,0.9999527863869501
3385,0.9999407876452309
3386,0.9999820996787445
3387,0.059993595435159204
3388,0.00037986113927765544
3389,0.9999835244210195
3390,0.9311077201420305
3391,0.9999923802589246
3392,0.9999865699297675
3393,0.00012390255709334463
3394,3.776197849851595e-05
3395,0.0008866877772208515
3396,0.9999474924866524
3397,0.9899336814741354
3398,0.999815902164911
3399,0.008088956478725727
3400,0.9991405516561267
3401,0.9990046218650601
3402,0.002702790862222387
3403,0.9966443040831741
3404,0.005820000212572855
3405,5.841040646764756e-05
3406,0.002287853848670106
3407,0.9999740933126546
3408,0.9969571606710377
3409,0.00011171875501525544
3410,0.06550613229092724
3411,0.01917605292327155
3412,0.3335714721435559
3413,0.9999592331076946
3414,0.9257894293363019
3415,0.999735243240663
3416,0.00047257462156105915
3417,2.607727316324395e-06
3418,0.9999719970687068
3419,0.9982739721992248
3420,2.512833599746329e-05
3421,0.9995665543437757
3422,0.0036413265243694522
3423,0.9920403045668659
3424,6.766467674212013e-05
3425,0.999986084307615
3426,0.0004161849000009054
3427,0.999724854970841
3428,0.999941933621572
3429,0.0208636608047991
3430,0.9999579592812062
3431,5.11661368440208e-06
3432,3.341826063455951e-05
3433,0.11761740137554154
3434,0.999557213855288
3435,0.00014889370567780952
3436,0.00032481196201507393
3437,0.1238440493727255
3438,0.999992940622871
3439,0.0003089548709060942
3440,0.9998974593815654
3441,0.999911013486362
3442,0.9999343788701827
3443,0.9999962747403965
3444,3.1229480962168945e-05
3445,0.9999965501544418
3446,0.9999879247526378
3447,0.017128010267717247
3448,0.0053495787959058376
3449,0.9552213891318065
3450,0.9999954676547571
3451,0.9999724614864064
3452,0.29025422647220245
3453,0.9999235337539912
3454,1.7485815029229016e-06
3455,0.9996410007674134
3456,0.9999001985539974
3457,0.0002169118198444181
3458,0.09838397862103868
3459,0.9999144050741102
3460,0.9999762831963596
3461,0.999988515600889
3462,0.46842382686337425
3463,9.905358754039362e-06
3464,0.9988377091991619
3465,0.9999149520665298
3466,3.419542384804894e-05
3467,0.7196462363240061
3468,0.999142538254921
3469,0.9998961428558961
3470,0.9998502577550907
3471,0.5887855057500898
3472,0.6834543603705986
3473,1.4932048071570743e-05
3474,6.534107544372398e-05
3475,0.00023574472707939238
3476,0.9978134849187581
3477,0.09085715701446422
3478,0.9003161033671171
3479,0.9406324599152267
3480,0.9878571913132271
3481,0.9999583002882005
3482,0.6600072791430134
3483,0.08944062632790276
3484,0.9997876919541404
3485,1.9248887616272874e-05
3486,0.06392384857339473
3487,0.9993709504301691
3488,0.9999609120904337
3489,1.6489284848282193e-05
3490,5.1347811734231096e-05
3491,0.017857132149398262
3492,0.28719325401383033
3493,0.00010615406507159298
3494,0.9999664693927188
3495,0.9986804216684243
3496,0.9995752785045995
3497,0.9999701549376501
3498,0.6718020697112282
3499,0.42627518725935265
3500,0.9999141840137367
3501,0.9999974459361756
3502,9.711087089585651e-05
3503,9.075792183545384e-05
3504,0.9996419944128527
3505,0.9031674426691573
3506,1.4887520006933596e-05
3507,0.9815458844032303
3508,0.9999876545852218
3509,0.998780531161095
3510,0.9967482175836193
3511,0.000213039734233984
3512,0.9998962401766213
3513,0.9989797139754383
3514,0.9999764428094013
3515,1.3462332791278375e-05
3516,2.1117031909715536e-05
3517,0.9997902114446166
3518,0.9999666280267063
3519,1.323863009948282e-05
3520,3.1612068512120566e-05
3521,0.968842527652393
3522,0.9149866189036208
3523,0.9999856873738074
3524,0.19180103271546842
3525,0.9998030089037653
3526,0.9999841996669419
3527,0.9999732296975616
3528,0.9994869596826975
3529,0.9998618547674931
3530,0.0005482817501977715
3531,0.9999954324395194
3532,0.00010868019612485408
3533,0.9749353954476829
3534,0.9996574236076203
3535,0.0017317144201904361
3536,5.750224041298824e-05
3537,0.9999934829990886
3538,0.9999949682753746
3539,0.9997220518068108
3540,0.9709074881563605
3541,0.9984672758485073
3542,0.9989223510640507
3543,0.02565743905634845
3544,0.9988575143339152
3545,0.00010498320661310502
3546,0.0004293056280221188
3547,0.9918559402098217
3548,0.999972778524092
3549,0.00015010159541314582
3550,0.00607997980097913
3551,0.9979176670381512
3552,0.9956401773007965
3553,2.5626371682689185e-05
3554,0.9993058377791715
3555,0.5301782336472461
3556,0.9998680561049332
3557,0.0002015743850621053
3558,0.028944424374467
3559,0.618455630482952
3560,2.2173624022856825e-05
3561,0.9734877719539294
3562,0.0005246695997483141
3563,0.9999816517947514
3564,0.3865374831104378
3565,0.0027899479182504515
3566,0.9970740696791814
3567,0.9916689023459382
3568,0.9999841895603451
3569,0.12115166193232092
3570,0.001531207589760837
3571,0.37789443643579035
3572,0.9957071607829233
3573,0.0012100278702566207
3574,0.000981592700840457
3575,0.8427739530330897
3576,8.565079064591503e-05
3577,0.8499417645700446
3578,0.9999635008601162
3579,0.9999511079032137
3580,0.00020373958541466543
3581,0.9427469886893358
3582,0.9996614962178865
3583,0.9984340482174786
3584,0.8350760744628519
3585,0.9999773236013588
3586,0.00015411216597837734
3587,6.274927628313117e-05
3588,0.0007286006790729339
3589,0.0001828500340816215
3590,0.9943132269880142
3591,0.00023387815881582613
3592,6.310760774356857e-05
3593,0.9997222800698631
3594,0.999986851895046
3595,0.0007017283471277711
3596,0.9999951604300495
3597,0.9999412917915533
3598,0.9999949304635629
3599,0.00017078901478555106
3600,0.00012350097577447982
3601,0.9733587813870783
3602,0.9587656440349959
3603,6.145392137920062e-05
3604,0.9919833028461132
3605,0.0009482138701841596
3606,0.9999042499391833
3607,0.9993501686685476
3608,0.00022773500649566432
3609,0.9991180213121873
3610,0.9975420450076844
3611,9.840663307633878e-05
3612,0.002157154443805021
3613,0.0003325526233362909
3614,0.00963929103754257
3615,0.00339567372521194
3616,0.9994307909902415
3617,0.0004615951894170167
3618,0.9997228483475399
3619,0.19521801579233553
3620,4.730456721918705e-05
3621,0.05814754267015653
3622,0.8462464060119701
3623,0.07337586980662678
3624,0.998781691906486
3625,0.9999409517003984
3626,0.925448374454707
3627,0.9820008055863608
3628,0.999482925044206
3629,0.00014400891655225414
3630,9.932245818221634e-06
3631,0.9616217510474226
3632,0.9583890141072475
3633,0.9999953578061418
3634,2.6767802097630678e-05
3635,0.14086816443290764
3636,0.037983430372225624
3637,0.004288762596020571
3638,0.0029879785877890445
3639,3.292328435100401e-05
3640,0.9913005762940718
3641,8.403711078666306e-05
3642,0.9997067443520531
3643,0.14626677342900582
3644,0.9997572666047728
3645,0.9417800415281962
3646,0.12133612767371327
3647,0.11651311406654823
3648,0.9999900015418096
3649,0.9999456868411204
3650,0.9999729231563328
3651,0.9999953407228558
3652,0.514013787267688
3653,0.9995578192320862
3654,0.0004789460621661984
3655,0.00026668681334998846
3656,0.9899703280926483
3657,0.9983289595208692
3658,0.0001659448913816933
3659,1.3134245771000936e-05
3660,0.9999786264908951
3661,0.0004736250759481617
3662,0.999910811240492
3663,0.9678696067785154
3664,1.6953896963562356e-05
3665,0.9999040226583991
3666,0.0009359766800736982
3667,0.029023638272917714
3668,0.016957280010980322
3669,0.9997928386963677
3670,3.1317573546954686e-05
3671,0.9338653378173963
3672,0.999569912965491
3673,0.010388971929675403
3674,0.999531034656246
3675,0.000499214447127998
3676,0.00326046237447576
3677,2.882753306009483e-05
3678,0.0003806938583635404
3679,0.0031633091002382166
3680,0.005368303268691987
3681,0.928854409306101
3682,0.9596364719100462
3683,0.9999885124936488
3684,0.00637644824267944
3685,0.9986193494348069
3686,0.1274532974824366
3687,8.358992844125377e-05
3688,0.0006602161667520576
3689,0.00509478229168617
3690,0.3156012940972634
3691,0.9999943023008856
3692,0.0002679200963399863
3693,0.9999710958414754
3694,0.0013653796110022851
3695,0.998783055138184
3696,8.227141333186465e-05
3697,0.00017722476510684376
3698,0.9986152935286906
3699,0.38975260604594775
3700,0.9978370904058107
3701,0.7954261247351635
3702,6.3274678965131465e-06
3703,0.9384173408523792
3704,2.44730432452324e-05
3705,7.540860505675849e-05
3706,0.07992925325790377
3707,0.999972968643028
3708,0.9999935752321152
3709,0.0011518983353036513
3710,0.04502653529503756
3711,0.999359889073374
3712,0.9888459897467614
3713,5.391845811228215e-05
3714,0.004359462642831986
3715,0.9999602293256816
3716,0.9999075375269464
3717,0.0005798583198080634
3718,0.001731062956792842
3719,0.03176991487551498
3720,0.9974976347552027
3721,6.94475418779352e-05
3722,0.9867598121410602
3723,4.461020637499307e-05
3724,0.9999703133914225
3725,0.9974175332219595
3726,0.999977774918069
3727,3.5895304250740807e-05
3728,0.9999769572512981
3729,0.0003382525335962958
3730,0.9971389600451509
3731,0.08440318123918511
3732,0.6344114141690734
3733,0.10308468137148154
3734,5.9216001637225434e-05
3735,0.0035318408163490774
3736,0.7897496137362131
3737,0.0018498886247844755
3738,4.100687199245051e-05
3739,0.0018878483996952224
3740,0.5718161941869738
3741,3.3385759619412856e-05
3742,0.155947026257947
3743,0.9317384681167523
3744,0.5169015652339506
3745,0.003683059607645639
3746,3.296333093640667e-05
3747,0.0006262167308412018
3748,0.999145859841165
3749,0.006628586046216096
3750,0.9948622298768988
3751,0.0014684210469706263
3752,0.9999134222621298
3753,2.4214567288719108e-05
3754,8.336522036361993e-05
3755,0.993431188583836
3756,0.0036064001742669104
3757,0.07577992355656181
3758,0.4874318636391935
3759,9.14932460175268e-06
3760,0.004733817090884033
3761,0.0005893921783360758
3762,0.9996931362585211
3763,0.00011664640256374672
3764,0.999916451045159
3765,0.0008720055579271043
3766,2.7963482783211998e-05
3767,0.9998354160682739
3768,0.9802332179209341
3769,0.9999782733458202
3770,0.9998951759495787
3771,0.0002457995676247828
3772,0.0010074446102259747
3773,0.04861656980373015
3774,0.9999486320331517
3775,0.00010493484335584704
3776,0.0004082631009142019
3777,0.9999936620170262
3778,0.0003240617768722042
3779,0.6791651898520341
3780,0.9999343255892762
3781,0.80955947193109
3782,0.9952621121893608
3783,0.00026854078006684977
3784,0.9999980017226674
3785,0.9503021417080437
3786,0.002091567504320766
3787,0.08120479712635155
3788,0.00012658210550692625
3789,0.00013852235059332076
3790,0.9769599334661825
3791,0.0001239696965708134
3792,0.9999662201797108
3793,9.049462899536914e-06
3794,0.0008073607335987248
3795,0.9994899761164135
3796,3.7541760620830594e-05
3797,0.00013220351439801657
3798,6.537718922578137e-05
3799,0.9999887850621292
3800,0.3040606247251506
3801,0.00019061027305102105
3802,0.9999867922248075
3803,0.9994729454808038
3804,2.6263607850202825e-05
3805,0.02482142485573916
3806,3.830721547229464e-05
3807,2.229467748152063e-05
3808,0.000683524466561653
3809,7.740317682925207e-06
3810,6.910986112917036e-05
3811,0.9999789518888633
3812,0.03475416858119887
3813,0.9997347572151684
3814,0.9999200707539312
3815,0.00048721261659454945
3816,0.00022701062784789776
3817,0.8293481840422037
3818,0.8357673892156292
3819,0.5683799893185109
3820,0.00031988415343325426
3821,0.9850505706291173
3822,0.9815227546449324
3823,0.9998167866045776
3824,0.0002410328397241016
3825,0.9995188074384035
3826,0.3463494794575707
3827,1.2691636998465129e-05
3828,0.3585108641619144
3829,0.999987433074201
3830,8.765666969448042e-05
3831,0.014405643866217219
3832,0.9998402022093191
3833,0.9998496041835224
3834,0.8884010647788653
3835,0.00010094035485913935
3836,6.168211698528569e-05
3837,0.9918587063221121
3838,0.015244363383639903
3839,0.99991847248689
3840,0.00019618998714767075
3841,0.04380158518298761
3842,0.9943779574826106
3843,0.9996117348446996
3844,0.005697406638036314
3845,0.9838294590155816
3846,0.9965541869025943
3847,0.9997276832113163
3848,0.6760504485400739
3849,0.9999990141758954
3850,0.0004963440447902485
3851,0.9845862543892933
3852,0.00958009947510129
3853,0.9924432344041771
3854,0.47847533927421154
3855,0.9997173890734828
3856,0.9999875468690516
3857,0.00015072206172980359
3858,0.9999461845946687
3859,0.0006727589061190452
3860,0.057825934499248034
3861,0.0005076367004593927
3862,0.03054873373532156
3863,0.9999275470440966
3864,0.6880912616740436
3865,0.014330262438719524
3866,0.9999361754337281
3867,0.00014990432684092397
3868,0.9999504644460611
3869,0.9465310403358594
3870,8.404652497795027e-06
3871,0.9999173073073656
3872,0.9994289095495701
3873,5.853483511657907e-05
3874,0.9436978700245081
3875,0.9999908364745954
3876,0.9999972081152273
3877,0.9641470157604066
3878,4.8080280101797126e-06
3879,0.09269186008898454
3880,0.002352376741229387
3881,0.9995127397555268
3882,0.8221480841613273
3883,0.9997341489483328
3884,0.7847891869886607
3885,3.5670208209119504e-05
3886,0.9931371448744736
3887,0.9999937561087857
3888,0.9996268331297639
3889,0.999983081625715
3890,0.00035875306483962587
3891,3.9986005426285296e-06
3892,0.9999800322490549
3893,0.9984021284161952
3894,0.9998667457519637
3895,1.391502726569797e-05
3896,0.999937920004037
3897,0.9999558985129301
3898,0.9999957454085245
3899,0.9988814016392475
3900,0.9999642740767178
3901,0.0002439744582433916
3902,3.52639967192359e-05
3903,0.000671036370474645
3904,0.9980455072239073
3905,0.9992691577691438
3906,5.722572116493952e-05
3907,0.14559752414424035
3908,0.9993017840204215
3909,0.012964676521883035
3910,0.026195645555182726
3911,0.0036595773845199257
3912,0.9999969204283872
3913,0.0016148546838324687
3914,0.0019381102033729912
3915,0.00493702268056568
3916,0.0007924270481253868
3917,0.38522828340000187
3918,0.06429859879310762
3919,0.9999994835001415
3920,0.9999966811625385
3921,0.9999516565955111
3922,0.8564644730797166
3923,1.2578001635263065e-05
3924,0.00015568713470398863
3925,0.9999701690018901
3926,2.8903566294769898e-05
3927,0.00023823562013294142
3928,0.932742674781364
3929,0.999536736833943
3930,0.0007066188893113593
3931,0.00023450305363073167
3932,0.9999680370562766
3933,0.9987523119493412
3934,0.9901312065081835
3935,0.9999702522014229
3936,0.9905829028127089
3937,0.00011470705776651089
3938,7.314457297353056e-06
3939,0.9998389801231895
3940,0.04432153431385208
3941,0.999163724913573
3942,0.037081510966133754
3943,0.999976821234266
3944,0.0040679229618060895
3945,0.0010809908430936444
3946,0.0015646008408067005
3947,0.9997799288678239
3948,0.12504833520463107
3949,0.0320626455698097
3950,0.00013313105233767563
3951,0.9138650133633996
3952,0.9999902648152962
3953,0.00012219655075079556
3954,0.9999591002061307
3955,0.543310748963088
3956,0.9626151759903344
3957,1.6068697799649995e-05
3958,0.9995780117483689
3959,7.29300058333597e-05
3960,0.00018296647316655974
3961,0.8014171928634262
3962,0.001142305951369602
3963,0.9995379153084767
3964,0.01944522967352753
3965,0.936541432904938
3966,0.008627465486199028
3967,0.9998236516717118
3968,0.14158607337526918
3969,0.00018993103682970257
3970,0.9646898026943463
3971,0.6736243643031395
3972,0.00011192182909810643
3973,0.9998957657981974
3974,0.9649005573312497
3975,7.878696226201306e-05
3976,9.585399012880798e-06
3977,0.0004785232067920461
3978,0.0005724502137598627
3979,3.798016194961336e-05
3980,0.00023444394385470132
3981,0.00030432877411182936
3982,0.21896291263041434
3983,0.15721476585050886
3984,0.9462340412702013
3985,0.005900864685523202
3986,0.9952013910179337
3987,0.9998710699710266
3988,0.9896099046124335
3989,0.0027537768593481502
3990,0.9961659053647264
3991,0.9995669781058614
3992,0.00012103780817652341
3993,0.8979746954523927
3994,0.0003306444792038719
3995,0.9997024107656876
3996,0.999996480117187
3997,0.9909000409649861
3998,0.9971056386601882
3999,0.006267896173779534
4000,0.0001448153501191347
4001,0.9964326508625069
4002,0.9993299730413261
4003,0.5844993083261593
4004,0.08324588492327616
4005,0.9999784025687717
4006,0.9999989222923639
4007,0.9999811512903337
4008,0.9827391757405577
4009,0.0009290157432811477
4010,0.9999938365544112
4011,0.00027901771546636286
4012,0.9999600504365843
4013,0.9973191589486642
4014,0.9954019362534805
4015,0.04359873438396295
4016,0.06128654888805784
4017,0.6906875628555379
4018,0.9999878717519658
4019,0.0002808596828804854
4020,0.9999543740279571
4021,0.0003198804610715565
4022,0.9999943425719555
4023,0.9996022188267898
4024,0.6360208299718496
4025,0.9999862690599882
4026,0.0015403083556711702
4027,0.00024116871040924542
4028,0.9999882295638768
4029,0.005854750818037972
4030,0.9999274531467391
4031,0.9999937183711061
4032,0.8829379033712825
4033,0.9999287936413812
4034,0.9999979432344147
4035,0.5176076729837613
4036,0.8029474034237029
4037,0.999995964900954
4038,0.0005767144686006069
4039,0.0010279953116966787
4040,0.3024255122416933
4041,0.2696058485069216
4042,0.0023200618674192918
4043,0.0005856091254191394
4044,0.11174757788710399
4045,4.395479881771913e-05
4046,0.0002935463433647324
4047,0.9821394803840235
4048,0.00028461021542616836
4049,2.2698223561274607e-05
4050,0.0002059804289925173
4051,0.9999852960732978
4052,0.8907637249470679
4053,0.9999862183936584
4054,0.00013792851724943664
4055,0.028854617656373642
4056,0.9999582360748707
4057,0.996244115166681
4058,0.9994795906413422
4059,0.059822925898193456
4060,0.0002564574089220467
4061,0.9997279746563718
4062,4.8934721115796175e-05
4063,0.001236422293265151
4064,0.9999855666631081
4065,0.9894586294703621
4066,8.814597496956366e-05
4067,0.9988209095575294
4068,0.996364450341487
4069,0.9999116520626002
4070,0.9992290496821259
4071,0.9999727136074927
4072,0.999085192275285
4073,0.7132960751198695
4074,0.999996201642896
4075,0.001870239864188619
4076,0.9999075943881252
4077,0.9999486540033948
4078,0.27917900051364386
4079,0.9733951718507107
4080,0.9999527638623308
4081,0.9999722346388273
4082,4.6763729228560504e-05
4083,0.9552075011243859
4084,0.9996303169101722
4085,0.00039898656228649
4086,0.0007377675669664809
4087,0.9999658833427227
4088,0.01683897843876425
4089,1.8705285704938577e-05
4090,0.9783516341735229
4091,0.00010189288309501753
4092,0.9999369755368643
4093,0.999998444068279
4094,0.0002688491062582146
4095,0.9999160275376602
4096,0.3545050873990355
4097,0.9994273622381734
4098,9.416618032928324e-05
4099,3.654082455445267e-06
4100,1.693958365340423e-05
4101,0.00029816428227784337
4102,0.020341699873678572
4103,0.999966643930671
4104,0.22151570436989537
4105,1.1042444229243345e-05
4106,2.893780053739578e-05
4107,4.5947311429482726e-05
4108,0.9986848484145381
4109,0.002912477756538644
4110,0.9996233502925904
4111,0.999371583684373
4112,0.7831597523761624
4113,0.9999822033286806
4114,0.0003783842023374323
4115,0.9993831246216425
4116,0.9104835527443377
4117,0.9997410755598004
4118,0.9999953811296678
4119,0.9823484137722839
4120,0.0006542201348888108
4121,0.9997177166190315
4122,0.5276338528033778
4123,0.9982020895569358
4124,0.48329436833131023
4125,0.9997084497362629
4126,0.648079784892088
4127,0.0023721501611895252
4128,0.9721510559795284
4129,0.9971376577394904
4130,9.945568093585177e-05
4131,1.5161820102512477e-05
4132,0.711965245770772
4133,0.004477583638029494
4134,0.06893377887112605
4135,0.9999891351430715
4136,0.8604631461133961
4137,0.00022270810259786758
4138,0.9402711593331469
4139,7.376060827757317e-05
4140,0.666937514356704
4141,0.0001534230322142162
4142,0.9999973918031925
4143,0.0037099377106876437
4144,0.9999942711537045
4145,0.16387570248373923
4146,0.053500904798960636
4147,0.9998748343567406
4148,0.002745912711747561
4149,0.003093749271413447
4150,0.08020901512969601
4151,0.9989721472775311
4152,0.9998037113318967
4153,0.9999903095695377
4154,0.9844419385524251
4155,0.007110351834305871
4156,0.000746437381261616
4157,0.00021659089504426075
4158,9.034701124357928e-06
4159,0.09029319228569395
4160,0.9519746047490926
4161,0.7919419963453228
4162,0.002526155097490855
4163,0.001576928167109519
4164,1.8547442980612428e-05
4165,0.9999872637806995
4166,0.9999861926694689
4167,0.0008551331358303689
4168,0.9999554182878192
4169,0.0006182955904613343
4170,0.9988051734808296
4171,0.9999719646653561
4172,0.9842169116974278
4173,0.9352872604310739
4174,0.9992817064408704
4175,5.224134630604081e-05
4176,0.030336359959249798
4177,0.0001289954333023885
4178,0.0020174460694964607
4179,0.0014868190998742928
4180,0.3474807232524537
4181,0.08015400438905113
4182,0.0002668486547254761
4183,0.8755184789612028
4184,0.9999938782511286
4185,0.9999456146898937
4186,0.9999914811639382
4187,2.532514067269888e-06
4188,0.9999876596758912
4189,7.433166585605998e-06
4190,5.979315174242864e-05
4191,0.9997263880782651
4192,0.9388658527997062
4193,0.803258195152475
4194,0.5497923700240861
4195,0.0004374975568182841
4196,0.00023542347726225347
4197,0.00040693327617770094
4198,0.00037911645994676804
4199,0.0003587771985516236
4200,0.9998122875226506
4201,5.704817255091912e-06
4202,0.00044320596436423783
4203,0.00042098255652834796
4204,0.9999481432018563
4205,0.999968612517658
4206,3.0046518285574705e-05
4207,0.9997375763509121
4208,0.00011557458028236489
4209,0.9993669001576198
4210,0.873003787798064
4211,0.04122851263530366
4212,0.00010439815873728036
4213,0.9900479123112177
4214,0.23081072790062768
4215,0.015490495286534758
4216,0.00043885958340799357
4217,0.9999534957676417
4218,4.187294071525908e-05
4219,0.9997711530612008
4220,0.00153405302340382
4221,0.998827048142172
4222,0.0018134832440303862
4223,0.004238019550463142
4224,0.9999192494858246
4225,0.9088866715107967
4226,0.7063897704036709
4227,0.9776863731080749
4228,0.9999600177256135
4229,3.2730196822588996e-05
4230,0.9999927881809366
4231,0.9999386387396485
4232,0.9999773012613603
4233,1.3164245378952449e-05
4234,0.0011121344003689878
4235,0.0003345129897821932
4236,0.0003116322537101572
4237,0.9015244906371335
4238,5.960318716071312e-05
4239,5.082418942785456e-05
4240,1.7007492415650923e-05
4241,3.4718670937860766e-05
4242,0.00017727031416683988
4243,0.9999814554549763
4244,0.9999758178073025
4245,2.605330734731415e-05
4246,0.5306799246295175
4247,0.9989448539715168
4248,0.9989137055012663
4249,0.002473021929875659
4250,0.4364613640140164
4251,0.9999709007743187
4252,0.9999888975032672
4253,0.9999906962986413
4254,1.3870677812291374e-05
4255,9.653253213145311e-05
4256,0.9999795922685395
4257,2.5398613660912893e-05
4258,0.00018800363484291447
4259,7.928957068074472e-05
4260,0.0005639828040499352
4261,0.9862972366049152
4262,0.9999149763461179
4263,7.170496402403424e-05
4264,0.00047743673105977546
4265,0.9956330335612372
4266,0.9997848028346451
4267,0.9942815819026023
4268,0.925170358522458
4269,0.9999258621076551
4270,8.215202128011391e-05
4271,0.9999557155080948
4272,7.349935046408223e-06
4273,0.9977474780085617
4274,0.17013797703021014
4275,0.19985521317249852
4276,4.6029482466072033e-05
4277,0.9999489883666328
4278,0.0005325487611813455
4279,0.9798471094608937
4280,0.00012022307819516728
4281,0.0002691374024103041
4282,0.9988825364366569
4283,0.9999657831799381
4284,0.00037904436334921626
4285,0.999915363894114
4286,0.9999832510681526
4287,0.8477611253404477
4288,0.9970416316570502
4289,0.9998674274486067
4290,0.0104553616639817
4291,0.03873704755795371
4292,0.9947977884221835
4293,0.0003927700884407476
4294,0.9999509845639505
4295,0.000757866686615229
4296,0.00025463873452035145
4297,0.9954240676566434
4298,0.9999973222037751
4299,0.9999774392390895
4300,7.386898211210855e-05
4301,3.338373488598071e-05
4302,0.001048229205046734
4303,0.9999205317415314
4304,0.9999576560590495
4305,0.6789993710497313
4306,0.9998474571959874
4307,0.002355882814421995
4308,0.9999971167437284
4309,8.65371069005544e-05
4310,0.9999709913851815
4311,0.999982857934713
4312,0.0004361201316294449
4313,0.9752363901310603
4314,0.999841306564964
4315,0.011287847678511726
4316,0.9998548233268588
4317,0.013472702156177642
4318,2.3000923073966215e-05
4319,0.9999315362175655
4320,0.12556632243601867
4321,0.19886295160760742
4322,0.9997833065089786
4323,0.0011681021435565623
4324,4.9428780046479116e-06
4325,0.9998203693476051
4326,0.9999953241749002
4327,0.9723895374326404
4328,0.9980495653066725
4329,5.046643314094367e-05
4330,0.00046592879614613524
4331,0.9999778820064831
4332,0.9995247953659556
4333,0.9977866442199638
4334,0.9834939323526053
4335,7.880971981201084e-05
4336,0.9996646939591507
4337,0.9999712980850198
4338,0.9999986413684177
4339,0.2518606476915573
4340,0.00016188444741589475
4341,0.9999972161216282
4342,0.9999862356570053
4343,0.9998279816500661
4344,0.7651341526085859
4345,0.9999956201305102
4346,0.0001260863264286785
4347,0.9999535699479979
4348,0.003523530436262032
4349,0.0001526143533890658
4350,0.9945628384393702
4351,1.372744428716051e-05
4352,0.9868709565885293
4353,0.9383999166408716
4354,0.9999460877550055
4355,0.04597886618540818
4356,1.4244896616113155e-05
4357,0.7661216694647078
4358,0.999075704544897
4359,0.00011930710842564176
4360,0.9083561455633433
4361,0.9999798277703053
4362,0.9997967248454807
4363,0.0004617100218330055
4364,0.9997014993909679
4365,0.0006511967449599016
4366,0.9999923471646347
4367,0.00013079864567227476
4368,0.9690808871996502
4369,3.2076303887758804e-05
4370,0.0007558592379700265
4371,0.8759673714911484
4372,0.9996519077885085
4373,0.032977884836956343
4374,0.9987998865394584
4375,0.9973161661193343
4376,0.004168652369249214
4377,0.9996882475945854
4378,0.15355701537743907
4379,0.0004371801433463611
4380,0.9983409068355398
4381,0.9219936921406907
4382,0.28701176258469774
4383,0.04758580302768512
4384,0.9918661922775042
4385,0.9997851712886902
4386,0.9996757756493545
4387,0.0014451445971666885
4388,0.9996268158932792
4389,0.00018829788025883463
4390,0.20621608099830402
4391,0.00040831486538962607
4392,0.9964641251156058
4393,0.9271333565939128
4394,9.417808932909317e-06
4395,0.9999979099207151
4396,0.99986406493217
4397,0.000395605764942895
4398,0.00011539721106487668
4399,0.00014225617774356764
4400,0.9999944398996988
4401,0.001572174870703663
4402,0.9999812759120017
4403,0.002313598647196592
4404,0.9915657239424235
4405,0.001189766434103213
4406,0.9997327044714516
4407,4.638369966948532e-05
4408,0.9999845117148035
4409,0.004802119243520362
4410,0.0022637515103587674
4411,0.9999793200035964
4412,0.22013356811149457
4413,0.012545164062017415
4414,0.49170469177030945
4415,0.2372361774752607
4416,0.0001122247705119007
4417,0.9982127554480967
4418,0.00035486300490624465
4419,0.9998716824425985
4420,0.6437383698762885
4421,0.9999704535634089
4422,0.00048405475441384366
4423,0.9997905038991999
4424,0.0015281857438900755
4425,0.14704114887268482
4426,0.28696405564820754
4427,0.9999670974200098
4428,0.9997516147968912
4429,0.6186440039689156
4430,1.4138925881553583e-05
4431,0.998285445320439
4432,0.7719140607639163
4433,0.0007566249061709695
4434,7.577365041824213e-05
4435,0.9999982815670305
4436,0.9991425844454221
4437,0.002030229827922463
4438,0.9999892482394012
4439,0.9990416591583484
4440,0.9999347811524807
4441,0.9999090366226361
4442,2.0888381974964785e-05
4443,0.0003771071899316243
4444,0.001109871705459336
4445,0.9994436088751127
4446,0.9476948548678479
4447,0.00014812195698345163
4448,0.5298028952127929
4449,0.999931975117707
4450,0.20024299134653223
4451,0.02917186869281504
4452,0.00018714940141427704
4453,0.02175401714628442
4454,1.7587699849428887e-05
4455,0.923439350714681
4456,0.0007192841953372129
4457,0.9999935875551845
4458,0.9759571105903542
4459,0.993221100859153
4460,6.485338447174326e-05
4461,0.046439359889647217
4462,0.9999969948338037
4463,0.00017830466886327307
4464,0.0011710008277411015
4465,0.9997743250504726
4466,0.9998848955408675
4467,0.9999950998170644
4468,0.10651935582795663
4469,1.9355920042462328e-05
4470,0.9999404903318697
4471,0.0017625580297823131
4472,0.9999334114457571
4473,0.9999815968097377
4474,0.9999768925463476
4475,0.023753567852803147
4476,0.9865033778173286
4477,0.9997549491246055
4478,0.016282347678153647
4479,0.6767918050648366
4480,0.9999891807131008
4481,0.9032467520992873
4482,0.02618610316613411
4483,0.00040531284096597645
4484,0.9995670366427559
4485,0.999802047754807
4486,0.9996663729001671
4487,1.4480138627802012e-05
4488,3.598499146828087e-05
4489,0.9998390629921083
4490,0.9999913993081818
4491,0.09723681368907726
4492,0.9999985739732137
4493,0.2265485849207345
4494,0.9999931158511599
4495,0.9957782413225954
4496,0.999885669901507
4497,0.9994199212140573
4498,0.9984568919853283
4499,0.0648320956769079
4500,0.9999964657036755
4501,0.9988836214622655
4502,2.4208628898970928e-05
4503,0.037940365958053356
4504,2.0943891376814705e-05
4505,0.9999198964324212
4506,0.007239845468570472
4507,0.06361870101062544
4508,0.9996371402609096
4509,0.0006484978573911729
4510,0.881820719590744
4511,0.006211281630045376
4512,0.9987446239375523
4513,0.0010936941946265964
4514,0.0007328274015662797
4515,0.00394717246359554
4516,0.00016380205150637902
4517,0.6482605500270335
4518,0.9999988593928861
4519,0.9998406195422007
4520,0.9999973363857723
4521,0.999630203057131
4522,0.2907306733896391
4523,0.9998580454001973
4524,0.307991895738613
4525,0.9995719162501885
4526,0.9999437962198018
4527,0.9758457748850278
4528,0.9999966453147838
4529,0.00027114994998988563
4530,0.00026703500782665403
4531,0.138438711969617
4532,0.0002787980605050672
4533,0.9998156920559901
4534,0.5037627619574601
4535,0.9992646310973516
4536,0.6923950647368009
4537,0.0003163683796934824
4538,0.9999151525466122
4539,0.9998974815050202
4540,0.00014316156330191856
4541,0.001927185471794882
4542,0.9999954946187465
4543,0.9999608436511003
4544,0.9999980293489551
4545,0.0006520710695422434
4546,7.646453689665851e-05
4547,1.0371872099755172e-05
4548,0.0005503087469957093
4549,0.00020538499339059697
4550,0.7426249558854868
4551,9.790896253091042e-05
4552,0.995172072105129
4553,0.999896987108045
4554,0.5567765871792331
4555,0.942811593291407
4556,8.085821732799674e-06
4557,0.0022703094991654922
4558,0.9980196920875021
4559,0.0010861288430873343
4560,0.9998083536152824
4561,0.999788944012918
4562,0.0014886204398911905
4563,0.9290856424941791
4564,0.993558223035226
4565,2.31623222995789e-05
4566,0.9999667274995242
4567,0.008693506469307343
4568,0.9226984458936649
4569,0.0032223437400592373
4570,0.9998324537438885
4571,0.9175836104421039
4572,0.9996141678094439
4573,0.0015373677524630315
4574,0.9999164165735157
4575,0.999994821891161
4576,0.9997346571541825
4577,8.343574556062859e-05
4578,0.00019933679915715025
4579,0.9958208106335936
4580,0.9931360896930471
4581,0.1464284183502241
4582,0.3553212051672906
4583,0.0001451816707765677
4584,0.998247253826036
4585,0.004712577850414173
4586,0.9996589015069902
4587,0.9968218823353516
4588,0.13698203860063962
4589,3.0101148521017657e-05
4590,0.0001039838335706026
4591,0.9997588759736203
4592,0.00016864655733673427
4593,2.3155556322829225e-05
4594,0.9999680634766319
4595,0.999643096605308
4596,0.06012615929300212
4597,0.9998451445983302
4598,0.9998895958176646
4599,0.8642337167108636
4600,3.4684791159102406e-05
4601,0.9976014793863567
4602,0.9993387140600283
4603,0.7519257334448345
4604,0.0008989923281724756
4605,0.00024731227468766294
4606,0.9962161513618663
4607,0.9998655100632325
4608,0.006224011523587205
4609,0.002564994022963971
4610,0.9999762628180217
4611,0.9989400712025291
4612,0.8423231611872197
4613,0.991415858079802
4614,0.9999621408533508
4615,0.9997870598170617
4616,3.6162890866480504e-05
4617,0.15375634178767783
4618,0.00011095661539737588
4619,0.9992272177796061
4620,0.999979495450764
4621,0.9999900224761253
4622,0.949208701999252
4623,0.9999959665641184
4624,0.9796320511927107
4625,1.1164892361705744e-05
4626,0.03390423612224745
4627,0.0005765966632317842
4628,4.985927061457868e-05
4629,0.9920904086577753
4630,0.12225481917751277
4631,2.2304234161881527e-05
4632,0.9963779781272672
4633,0.9999936678948452
4634,0.5746175543871079
4635,0.966905450588526
4636,0.9986976016739607
4637,0.9999850160665072
4638,2.2965042565955587e-05
4639,0.0007525404389405527
4640,0.9404631410142112
4641,0.0038858084861887352
4642,0.999988913611891
4643,7.044303070365073e-05
4644,0.9998479808693708
4645,0.9999978766998305
4646,8.74035896346055e-06
4647,0.0009819406238939844
4648,0.9999748787141413
4649,0.999725547507737
4650,0.009823568696731007
4651,0.9996824983517405
4652,0.9999132429830552
4653,3.405550732802136e-05
4654,5.5198817412795494e-05
4655,0.9933587799993407
4656,0.9999581510769064
4657,0.9157031183600324
4658,0.9999560826839546
4659,0.0002735989619984452
4660,0.9999819115514602
4661,0.07354209442300627
4662,0.07841587665383198
4663,0.7832206406380084
4664,8.828983793313546e-05
4665,0.968816816676455
4666,8.560332177095802e-05
4667,0.9999807793960476
4668,0.9999936308084034
4669,0.6820960410682073
4670,0.9995327116952626
4671,0.46652881844732647
4672,0.30983685179100134
4673,0.9998500227436954
4674,0.3674984149392253
4675,0.0004899919681641922
4676,0.9999491421910367
4677,0.00012337668006485541
4678,0.9997214524859239
4679,0.049300651994003394
4680,4.449510784130794e-05
4681,0.9999415054908996
4682,7.304042722898322e-05
4683,0.9999306851526266
4684,4.046747280836569e-05
4685,0.9512712388805555
4686,2.4218663452775866e-05
4687,0.00044369505320679506
4688,0.9544229581435932
4689,0.008154501038457568
4690,0.9999648950369584
4691,5.758562214130721e-06
4692,0.002700417412034896
4693,0.9986688578060564
4694,5.4407398821712345e-05
4695,0.00012060200366899133
4696,0.0005596182945164345
4697,0.9994414830611695
4698,0.011963829115650188
4699,3.279519627737829e-05
4700,2.8436287846593024e-05
4701,0.9999773620341289
4702,0.9998546128289337
4703,0.9997899946976307
4704,0.9999978231688542
4705,0.9981608172107791
4706,0.8442925343064649
4707,0.3313386549390091
4708,0.9999875922147949
4709,0.9999552419583395
4710,0.9998687007957711
4711,0.9999827917729939
4712,0.0019462887823665732
4713,0.997478731021678
4714,0.9658159945846486
4715,0.00396877780964175
4716,0.999990873604715
4717,0.00013057622664724167
4718,0.9997281931863113
4719,0.9999004980029853
4720,7.693707866184402e-05
4721,0.9998684820244924
4722,0.9945423380410925
4723,0.9999510483506477
4724,0.9993514110858507
4725,0.999449423296872
4726,0.7945074090326538
4727,0.00014314644526392076
4728,0.0006507606606724248
4729,0.0012012137321616117
4730,0.00020829559091370729
4731,1.147786048700118e-05
4732,0.9999874614648366
4733,0.9936292390980448
4734,0.9997113888312799
4735,0.999983499583303
4736,0.9999369082677659
4737,0.004112966634042215
4738,0.999953567372294
4739,0.00016933086556947905
4740,0.00021802139389927511
4741,0.9999767111671454
4742,0.9999632893133382
4743,4.77169804456663e-05
4744,0.35940375433513383
4745,8.89521648176877e-05
4746,0.9777194321820755
4747,0.00016993534842040805
4748,0.005085703561179673
4749,0.000248208016096772
4750,0.9993098931249785
4751,0.9985628211513794
4752,0.9982215581943868
4753,0.005252114187573901
4754,4.949870334634599e-06
4755,0.9997953078922297
4756,0.07340785394877541
4757,0.9995304980340469
4758,0.0008091652028282667
4759,0.9998176338680065
4760,0.18107389146636424
4761,8.30338780542048e-05
4762,0.9984523655179246
4763,4.444029955002697e-05
4764,0.9999245133768493
4765,0.999995729190462
4766,0.9999760921469
4767,0.9997661111920005
4768,0.9996693235668065
4769,0.9979814744984383
4770,0.9987949011963984
4771,0.9998616151540844
4772,0.9504718125268459
4773,0.00032460673442576626
4774,0.9668549878954479
4775,0.00047800677725233764
4776,0.003150093986489256
4777,0.9989787557634672
4778,0.9948712554115602
4779,0.010925023048908133
4780,0.25569127275730036
4781,7.959045369981837e-06
4782,0.9998730301265135
4783,0.9468179766012337
4784,0.9994980198421685
4785,0.7727385586908943
4786,0.9995966673400745
4787,3.594302818266343e-05
4788,0.0009071332030769988
4789,9.664342520689147e-06
4790,0.9999855877989638
4791,5.1610788662399935e-05
4792,0.002455845628033624
4793,0.99996765934806
4794,0.9999781962850773
4795,0.9998661598087868
4796,0.9999333124820404
4797,0.9999914265764794
4798,0.9999026104544515
4799,0.00019652243080915967
4800,0.00165006198551029
4801,0.9998739843189139
4802,0.9999979313061236
4803,0.9571079804837072
4804,0.9999078635707633
4805,0.9829360449457794
4806,0.9989129498976207
4807,0.0024249432613037076
4808,0.9999642846480586
4809,0.0018072434794848948
4810,9.19273907114513e-05
4811,0.03708074958553178
4812,0.9999715227793312
4813,0.9999178773034497
4814,0.3197918770742088
4815,0.021637933637847554
4816,0.26975780116842757
4817,0.0025462642351516515
4818,0.8340423177990975
4819,2.17980964933103e-05
4820,0.9907324334458409
4821,0.9658066787559861
4822,0.9988349361265232
4823,0.859294679955068
4824,0.9967874398557051
4825,0.9998742235556421
4826,0.0012991933517630418
4827,0.9996419075315427
4828,0.0005145491989338268
4829,0.9999842734010317
4830,0.00043500977109275197
4831,0.009427517312635173
4832,7.962459106096472e-06
4833,0.9999949227208178
4834,0.9999652533516927
4835,0.9996765521939881
4836,0.9998913318233584
4837,0.9999976832499128
4838,0.1697933058572005
4839,0.0006466117642310417
4840,0.02128271836098636
4841,0.008191902576376057
4842,0.9999293027932509
4843,0.9999212856961639
4844,0.9999258854784984
4845,0.9994609552325381
4846,0.0004599009936808301
4847,4.3099559437398406e-05
4848,7.472224037422577e-05
4849,0.9138177205697807
4850,0.9999935745034311
4851,0.9995663054258763
4852,0.004906399721951115
4853,0.9999891740197386
4854,0.9999843924245857
4855,0.9999409982959178
4856,5.713716257785473e-05
4857,3.81530091744554e-05
4858,0.9999558119526759
4859,0.7778771980464299
4860,0.9923638232445937
4861,0.999986477137414
4862,0.9997217638618584
4863,0.9999603309206859
4864,0.00026159418545599494
4865,0.9999261006451216
4866,0.0007084536380650203
4867,0.490888970975836
4868,0.8715856170146019
4869,0.9694805829663015
4870,0.9864389730736881
4871,3.0685990675526106e-05
4872,0.007039827928811744
4873,0.9995569376972049
4874,0.9993275572673364
4875,0.7438972107210445
4876,0.00016980643974148646
4877,0.9914196912002858
4878,2.9402268931039016e-05
4879,0.00041702888519116213
4880,0.999142907723408
4881,0.9877896081918419
4882,0.9997148413106
4883,0.9998568295402489
4884,0.94598451542388
4885,0.0001441620561487894
4886,0.00032394415492626306
4887,0.9567539555717803
4888,0.9999081316083692
4889,0.5631467760115283
4890,0.11087801709547206
4891,0.3585279786050841
4892,0.9998633329738651
4893,0.00014102592844276372
4894,0.9998681893463364
4895,0.9997924945013545
4896,0.998216515756891
4897,0.0007442391902815431
4898,0.9586743378567715
4899,7.687143390689898e-05
4900,0.5035470284210946
4901,0.048134604560475115
4902,0.04465116567686489
4903,0.003160920408240904
4904,0.0004271644140569508
4905,0.0033260746897786618
4906,3.1087344326531584e-05
4907,0.99747078531792
4908,0.9999937197564784
4909,0.00013203496557535077
4910,0.4747879415547994
4911,0.9999933629832545
4912,0.99980403578558
4913,5.2286816913870494e-05
4914,0.9999813312550314
4915,0.9176698943255926
4916,0.9919832694777153
4917,0.0011121272297202362
4918,0.9999811413558809
4919,0.00037405362892328124
4920,0.9999974234962535
4921,0.7214140017398272
4922,0.9993063012384582
4923,9.707292971395313e-05
4924,0.981783359316259
4925,0.8858399176167275
4926,0.0023121661432436904
4927,0.8299160938174455
4928,0.0003123779271046958
4929,0.0002762842676210461
4930,0.9999964963398026
4931,0.0003403326697126306
4932,0.0057884470289509184
4933,0.0056943595218808514
4934,0.9996641396361053
4935,0.9916965569487364
4936,0.0012738048991163334
4937,0.9999692347948484
4938,0.0003736384130515243
4939,0.999802413389649
4940,0.9723319870061465
4941,0.0005494370648890388
4942,0.006851843204317221
4943,0.005150928290575228
4944,0.9998694208911993
4945,0.0001571921012059198
4946,0.9995988452888929
4947,0.9996314267163643
4948,0.9999811014893122
4949,0.03771211095937574
4950,0.9999704233029705
4951,0.9999518922203771
4952,0.9985386238729471
4953,0.002644544358258846
4954,0.8778710566307294
4955,0.0007645288825931516
4956,0.4879054497935227
4957,0.9998226649189242
4958,0.005278814051844487
4959,0.9998740398080335
4960,0.9999605799902266
4961,0.999994830496655
4962,5.949893665445273e-05
4963,0.9593663459980657
4964,0.9490435900505487
4965,3.389407877897642e-05
4966,0.9998956409723476
4967,0.00021009619545727458
4968,0.00017595422290510383
4969,5.952710529570367e-06
4970,0.000155054075100094
4971,0.02316966477711451
4972,0.9992335002990217
4973,0.9999806894803774
4974,0.00015636052233496388
4975,0.9984389418552717
4976,0.5276128871997225
4977,0.9996573079116421
4978,0.8320845845639335
4979,0.0018083967405249956
4980,0.00011294932674490845
4981,0.9971240591573062
4982,0.9985515134444852
4983,0.9999232706423135
4984,0.9927139046695425
4985,0.0001873340282747619
4986,7.222983962931908e-05
4987,0.999982198465108
4988,0.003064983836795547
4989,0.903011541364119
4990,0.0009593813443999507
4991,6.5560238189906e-05
4992,0.9383022250771627
4993,0.999604057533083
4994,0.06849892498949628
4995,0.9999931278836934
4996,0.00013078657619471868
4997,0.000504412759941252
4998,0.45799518258082034
4999,2.3000603487158483e-06
